species_superorder,isGaleomorphi,marine_province,date,year
Galeomorphii,1,Northwest Atlantic shelves,1966-2001,1966
Galeomorphii,1,Northwest Atlantic shelves,1966-2001,1966
Galeomorphii,1,Northwest Atlantic shelves,1966-2001,1966
Galeomorphii,1,Northwest Atlantic shelves,1966-2001,1966
Galeomorphii,1,Northwest Atlantic shelves,1966-2001,1966
Galeomorphii,1,Northwest Atlantic shelves,1966-2001,1966
Galeomorphii,1,Northwest Atlantic shelves,1966-2001,1992
Galeomorphii,1,Northwest Atlantic shelves,1966-2001,1992
Galeomorphii,1,Northwest Atlantic shelves,1966-2001,1992
Galeomorphii,1,Northwest Atlantic shelves,1966-2001,1992
Galeomorphii,1,Northwest Atlantic shelves,1966-2001,1992
Galeomorphii,1,Northwest Atlantic shelves,1966-2001,1992
Galeomorphii,1,Northwest Atlantic shelves,1966-2001,1992
Galeomorphii,1,Northwest Atlantic shelves,1966-2001,1992
Galeomorphii,1,Northwest Atlantic shelves,1966-2001,1992
Galeomorphii,1,Northwest Atlantic shelves,1966-2001,1992
Galeomorphii,1,Northwest Atlantic shelves,1966-2001,1992
Galeomorphii,1,Northwest Atlantic shelves,1966-2001,1992
Galeomorphii,1,Northwest Atlantic shelves,1966-2001,1992
Galeomorphii,1,Brazilian current coast,1992-2000,1992
Galeomorphii,1,Brazilian current coast,1992-2000,1992
Galeomorphii,1,Brazilian current coast,1992-2000,1992
Galeomorphii,1,Brazilian current coast,1992-2000,1992
Galeomorphii,1,Brazilian current coast,1992-2000,1992
Galeomorphii,1,Brazilian current coast,1992-2000,1992
Galeomorphii,1,Brazilian current coast,1992-2000,1992
Galeomorphii,1,Brazilian current coast,1992-2000,1992
Galeomorphii,1,Brazilian current coast,1992-2000,1995
Galeomorphii,1,Brazilian current coast,1992-2000,1995
Galeomorphii,1,Brazilian current coast,1992-2000,2000
Galeomorphii,1,Brazilian current coast,1992-2000,2008
Galeomorphii,1,Brazilian current coast,1992-2000,2008
Galeomorphii,1,Brazilian current coast,1992-2000,2014
Galeomorphii,1,Brazilian current coast,1992-2000,2008
Galeomorphii,1,Brazilian current coast,1992-2000,2008
Galeomorphii,1,Brazilian current coast,1992-2000,2008
Galeomorphii,1,Brazilian current coast,1992-2000,2008
Galeomorphii,1,Brazilian current coast,1992-2000,2008
Galeomorphii,1,Brazilian current coast,1992-2000,2008
Galeomorphii,1,Brazilian current coast,1992-2000,2008
Galeomorphii,1,Kuroshio current,1995-1996,2008
Galeomorphii,1,Kuroshio current,1995-1996,2008
Galeomorphii,1,Caribbean,2000,2008
Galeomorphii,1,Brazilian current coast,2008,2008
Galeomorphii,1,Brazilian current coast,2008,2008
Galeomorphii,1,Caribbean,2014,2008
Galeomorphii,1,Eastern India coast,2008-2010,1992
Galeomorphii,1,Eastern India coast,2008-2010,1992
Galeomorphii,1,Eastern India coast,2008-2010,1992
Galeomorphii,1,Eastern India coast,2008-2010,2003
Galeomorphii,1,Eastern India coast,2008-2010,2003
Galeomorphii,1,Eastern India coast,2008-2010,2003
Galeomorphii,1,Eastern India coast,2008-2010,2003
Galeomorphii,1,Eastern India coast,2008-2010,2003
Galeomorphii,1,Eastern India coast,2008-2010,2003
Galeomorphii,1,Eastern India coast,2008-2010,2003
Galeomorphii,1,Eastern India coast,2008-2010,2003
Galeomorphii,1,Eastern India coast,2008-2010,2003
Galeomorphii,1,Eastern India coast,2008-2010,2003
Galeomorphii,1,Eastern India coast,2008-2010,2003
Galeomorphii,1,Eastern India coast,2008-2010,2003
Galeomorphii,1,Eastern India coast,2008-2010,2003
Galeomorphii,1,Eastern India coast,2008-2010,2003
Galeomorphii,1,Eastern India coast,2008-2010,2003
Galeomorphii,1,Eastern India coast,2008-2010,2003
Galeomorphii,1,Eastern India coast,2008-2010,2003
Galeomorphii,1,Eastern India coast,2008-2010,2003
Galeomorphii,1,Eastern India coast,2008-2010,2003
Galeomorphii,1,Mediterranean Sea,1998-2000,2003
Galeomorphii,1,Mediterranean Sea,1998-2000,2003
Galeomorphii,1,Mediterranean Sea,1998-2000,2003
Galeomorphii,1,Mediterranean Sea,1998-2000,2003
Galeomorphii,1,Mediterranean Sea,1998-2000,2003
Galeomorphii,1,Mediterranean Sea,1998-2000,2003
Galeomorphii,1,Mediterranean Sea,1998-2000,2003
Galeomorphii,1,Mediterranean Sea,,2003
Galeomorphii,1,Mediterranean Sea,1998-2000,2003
Galeomorphii,1,Mediterranean Sea,1998-2000,2003
Galeomorphii,1,Mediterranean Sea,1998-2000,2003
Galeomorphii,1,Mediterranean Sea,1998-2000,2003
Galeomorphii,1,Mediterranean Sea,1998-2000,2003
Galeomorphii,1,California current,2017,2003
Galeomorphii,1,California current,2017,2003
Galeomorphii,1,California current,2017,2003
Galeomorphii,1,California current,2017,2003
Galeomorphii,1,California current,2007,2003
Galeomorphii,1,California current,2007,2003
Galeomorphii,1,California current,2007,2003
Galeomorphii,1,California current,2007,2003
Galeomorphii,1,California current,2007,2003
Galeomorphii,1,East Australian coast,1964-1986,2002
Galeomorphii,1,East Australian coast,1964-1986,2002
Galeomorphii,1,East Australian coast,1964-1986,2002
Galeomorphii,1,East Australian coast,1964-1986,2002
Galeomorphii,1,East Australian coast,1964-1986,2002
Galeomorphii,1,East Australian coast,1964-1986,2002
Galeomorphii,1,Coastal Californian current,2011-2015,1996
Galeomorphii,1,Coastal Californian current,2011-2015,1996
Galeomorphii,1,Coastal Californian current,2011-2015,1996
Galeomorphii,1,Coastal Californian current,2011-2015,1996
Galeomorphii,1,Coastal Californian current,2011-2015,1996
Galeomorphii,1,Western India coast,2010-2011,1994
Galeomorphii,1,Western India coast,2010-2011,1994
Galeomorphii,1,Western India coast,2010-2011,1994
Galeomorphii,1,Western India coast,2010-2011,1994
Galeomorphii,1,Western India coast,2010-2011,1994
Galeomorphii,1,Western India coast,2010-2011,1994
Galeomorphii,1,Western India coast,2010-2011,1994
Galeomorphii,1,Western India coast,2010-2011,1994
Galeomorphii,1,Western India coast,2010-2011,1970
Galeomorphii,1,Western India coast,2010-2011,1970
Galeomorphii,1,Western India coast,2010-2011,1970
Galeomorphii,1,Western India coast,2010-2011,1970
Galeomorphii,1,Western India coast,2010-2011,1970
Galeomorphii,1,Western India coast,2010-2011,1970
Galeomorphii,1,Western India coast,2010-2011,1970
Galeomorphii,1,Central American coast,2000-2007,1970
Galeomorphii,1,Central American coast,2000-2007,1970
Galeomorphii,1,Central American coast,2000-2007,1970
Galeomorphii,1,Central American coast,2000-2007,1970
Galeomorphii,1,Central American coast,2000-2007,1970
Galeomorphii,1,Central American coast,2000-2007,1970
Galeomorphii,1,Central American coast,2000-2007,1970
Galeomorphii,1,Central American coast,2000-2007,1970
Galeomorphii,1,Central American coast,2000-2007,1970
Galeomorphii,1,Brazilian current coast,2003-2004,1970
Galeomorphii,1,Brazilian current coast,2003-2004,1970
Galeomorphii,1,Brazilian current coast,2003-2004,1970
Galeomorphii,1,Brazilian current coast,2003-2004,1970
Galeomorphii,1,Brazilian current coast,2003-2004,1970
Galeomorphii,1,Brazilian current coast,2003-2004,1970
Galeomorphii,1,Brazilian current coast,2003-2004,1970
Galeomorphii,1,Brazilian current coast,2003-2004,1970
Galeomorphii,1,Brazilian current coast,2003-2004,1970
Galeomorphii,1,Brazilian current coast,2003-2004,1970
Galeomorphii,1,Brazilian current coast,2003-2004,1970
Galeomorphii,1,Brazilian current coast,2003-2004,1970
Galeomorphii,1,Brazilian current coast,2003-2004,1970
Galeomorphii,1,Brazilian current coast,2003-2004,1970
Galeomorphii,1,Brazilian current coast,2003-2004,1970
Galeomorphii,1,Brazilian current coast,2003-2004,1970
Galeomorphii,1,Brazilian current coast,2003-2004,1970
Galeomorphii,1,Brazilian current coast,2003-2004,1994
Galeomorphii,1,Brazilian current coast,2003-2004,1994
Galeomorphii,1,Brazilian current coast,2003-2004,1994
Galeomorphii,1,Central American coast,1987-1998,1994
Galeomorphii,1,Central American coast,1987-1998,1994
Galeomorphii,1,Central American coast,1987-1998,1994
Galeomorphii,1,Central American coast,1987-1998,1994
Galeomorphii,1,Central American coast,1987-1998,1994
Galeomorphii,1,Central American coast,1987-1998,1994
Galeomorphii,1,Central American coast,1987-1998,1994
Galeomorphii,1,Central American coast,1987-1998,1994
Galeomorphii,1,Central American coast,1987-1998,1994
Galeomorphii,1,Central American coast,1987-1998,1994
Galeomorphii,1,Central American coast,1987-1998,1994
Galeomorphii,1,Central American coast,1992-1998,1994
Galeomorphii,1,Central American coast,1992-1998,1994
Galeomorphii,1,Central American coast,1992-1998,1994
Galeomorphii,1,Central American coast,1992-1998,1994
Galeomorphii,1,Central American coast,1992-1998,1994
Galeomorphii,1,Central American coast,1992-1998,1994
Galeomorphii,1,Central American coast,2003-2005,1994
Galeomorphii,1,Central American coast,2003-2005,1994
Galeomorphii,1,Central American coast,2003-2005,1994
Galeomorphii,1,Central American coast,2003-2005,2000
Galeomorphii,1,Central American coast,2003-2005,2000
Galeomorphii,1,Central American coast,2003-2005,2000
Galeomorphii,1,Central American coast,2003-2005,2000
Galeomorphii,1,Central American coast,2003-2005,2000
Galeomorphii,1,Central American coast,2003-2005,2000
Galeomorphii,1,Central American coast,2003-2005,2000
Galeomorphii,1,Central American coast,2003-2005,2000
Galeomorphii,1,Central American coast,2003-2005,2000
Galeomorphii,1,Central American coast,2003-2005,2000
Galeomorphii,1,Central American coast,2003-2005,2000
Galeomorphii,1,Central American coast,2003-2005,2000
Galeomorphii,1,Central American coast,2003-2005,2003
Galeomorphii,1,Central American coast,2003-2005,2003
Galeomorphii,1,Central American coast,2003-2005,2003
Galeomorphii,1,Central American coast,2003-2005,2003
Galeomorphii,1,Central American coast,2003-2005,2004
Galeomorphii,1,Central American coast,2003-2005,2004
Galeomorphii,1,Central American coast,2003-2005,2004
Galeomorphii,1,Central American coast,2003-2005,2004
Galeomorphii,1,Central American coast,2003-2005,1994
Galeomorphii,1,Central American coast,2003-2005,1994
Galeomorphii,1,Central American coast,2003-2005,1994
Galeomorphii,1,Central American coast,2003-2005,1994
Galeomorphii,1,Central American coast,2003-2005,1997
Galeomorphii,1,Central American coast,2003-2005,1997
Galeomorphii,1,Central American coast,2003-2005,1997
Galeomorphii,1,Central American coast,2003-2005,1997
Galeomorphii,1,Central American coast,2003-2005,2004
Galeomorphii,1,Central American coast,2003-2005,2004
Galeomorphii,1,Central American coast,2003-2005,2004
Galeomorphii,1,Central American coast,2003-2005,2004
Galeomorphii,1,Central American coast,2003-2005,2000
Galeomorphii,1,Central American coast,2003-2005,2000
Galeomorphii,1,Central American coast,2003-2005,2000
Galeomorphii,1,Central American coast,2003-2005,2000
Galeomorphii,1,Central American coast,2003-2005,2000
Galeomorphii,1,Central American coast,2003-2005,2000
Galeomorphii,1,Central American coast,2003-2005,2000
Galeomorphii,1,Caribbean,1993-1994,2000
Galeomorphii,1,Caribbean,1993-1994,2006
Galeomorphii,1,Caribbean,1993-1994,2006
Galeomorphii,1,Tasman Sea,2002-2004,2006
Galeomorphii,1,Tasman Sea,2002-2004,2006
Galeomorphii,1,Tasman Sea,2002-2004,2000
Galeomorphii,1,Tasman Sea,2002-2004,2003
Galeomorphii,1,Tasman Sea,2002-2004,2004
Galeomorphii,1,Tasman Sea,2002-2004,1994
Galeomorphii,1,Tasman Sea,2002-2004,1997
Galeomorphii,1,Tasman Sea,2002-2004,2004
Galeomorphii,1,Central American coast,2004-2006,1985
Galeomorphii,1,Central American coast,2004-2006,1985
Galeomorphii,1,Central American coast,2004-2006,1985
Galeomorphii,1,Central American coast,2004-2006,1985
Galeomorphii,1,Central American coast,2004-2006,1985
Galeomorphii,1,Central American coast,2004-2006,1985
Galeomorphii,1,Coastal Californian current,2000-2003,2004
Galeomorphii,1,Coastal Californian current,2000-2003,2004
Galeomorphii,1,Coastal Californian current,2000-2003,2004
Galeomorphii,1,Coastal Californian current,2000-2003,1978
Galeomorphii,1,Coastal Californian current,2000-2003,1978
Galeomorphii,1,Coastal Californian current,2000-2003,1978
Galeomorphii,1,Coastal Californian current,2000-2003,1978
Galeomorphii,1,Coastal Californian current,2000-2003,1978
Galeomorphii,1,Coastal Californian current,2000-2003,1978
Galeomorphii,1,Coastal Californian current,2000-2003,1978
Galeomorphii,1,Coastal Californian current,2000-2003,1978
Galeomorphii,1,Coastal Californian current,2000-2003,2005
Galeomorphii,1,Coastal Californian current,2000-2003,2005
Galeomorphii,1,Coastal Californian current,2000-2003,2005
Galeomorphii,1,Coastal Californian current,2000-2003,2005
Galeomorphii,1,Coastal Californian current,2000-2003,2005
Galeomorphii,1,Caribbean,1985-1989,2006
Galeomorphii,1,Caribbean,1985-1989,2006
Galeomorphii,1,Caribbean,1985-1989,2006
Galeomorphii,1,Caribbean,1985-1989,2006
Galeomorphii,1,Caribbean,1985-1989,2006
Galeomorphii,1,Caribbean,1985-1989,2006
Galeomorphii,1,Caribbean,1985-1989,2006
Galeomorphii,1,Caribbean,1985-1989,2006
Galeomorphii,1,Caribbean,1985-1989,2006
Galeomorphii,1,Caribbean,1985-1989,2006
Galeomorphii,1,Caribbean,1985-1989,2006
Galeomorphii,1,Caribbean,1985-1989,2006
Galeomorphii,1,Caribbean,1985-1989,2006
Galeomorphii,1,Central American coast,1996-1997,1993
Galeomorphii,1,Central American coast,1996-1997,1993
Galeomorphii,1,Central American coast,1996-1997,1993
Galeomorphii,1,Central American coast,1996-1997,1993
Galeomorphii,1,Central American coast,1996-1997,1993
Galeomorphii,1,Central American coast,1996-1997,1993
Galeomorphii,1,Central American coast,1996-1997,1993
Galeomorphii,1,Central American coast,1996-1997,1993
Galeomorphii,1,Central American coast,1996-1997,1993
Galeomorphii,1,Canary current coast,1994-1996,1993
Galeomorphii,1,Canary current coast,1994-1996,1993
Galeomorphii,1,Canary current coast,1994-1996,1993
Galeomorphii,1,Canary current coast,1994-1996,1993
Galeomorphii,1,Canary current coast,1994-1996,1993
Galeomorphii,1,Canary current coast,1994-1996,1993
Galeomorphii,1,Canary current coast,1994-1996,2006
Galeomorphii,1,Canary current coast,1994-1996,2006
Galeomorphii,1,Canary current coast,1994-1996,2006
Galeomorphii,1,Canary current coast,1970-1990,1976
Galeomorphii,1,Canary current coast,1970-1990,1976
Galeomorphii,1,Canary current coast,1970-1990,1976
Galeomorphii,1,Canary current coast,1970-1990,1976
Galeomorphii,1,Canary current coast,1970-1990,1976
Galeomorphii,1,Canary current coast,1970-1990,1976
Galeomorphii,1,Canary current coast,1970-1990,1976
Galeomorphii,1,Canary current coast,1970-1990,1976
Galeomorphii,1,Canary current coast,1970-1990,1996
Galeomorphii,1,Canary current coast,1970-1990,1996
Galeomorphii,1,Canary current coast,1970-1990,1996
Galeomorphii,1,Canary current coast,1970-1990,1996
Galeomorphii,1,Canary current coast,1970-1990,1996
Galeomorphii,1,Canary current coast,1970-1990,1996
Galeomorphii,1,Canary current coast,1970-1990,1996
Galeomorphii,1,Canary current coast,1970-1990,1996
Galeomorphii,1,Canary current coast,1970-1990,1996
Galeomorphii,1,Canary current coast,1970-1990,1996
Galeomorphii,1,Canary current coast,1970-1990,1996
Galeomorphii,1,Canary current coast,1970-1990,1996
Galeomorphii,1,Canary current coast,1970-1990,1996
Galeomorphii,1,Canary current coast,1970-1990,1996
Galeomorphii,1,Canary current coast,1970-1990,1996
Galeomorphii,1,Canary current coast,1970-1990,1996
Galeomorphii,1,Canary current coast,1970-1990,1996
Galeomorphii,1,Canary current coast,1970-1990,1996
Galeomorphii,1,Canary current coast,1970-1990,1996
Galeomorphii,1,Canary current coast,1970-1990,2001
Galeomorphii,1,Canary current coast,1970-1990,2001
Galeomorphii,1,Canary current coast,1970-1990,2001
Galeomorphii,1,Canary current coast,1970-1990,2001
Galeomorphii,1,Canary current coast,1970-1990,2001
Galeomorphii,1,Canary current coast,1970-1990,2001
Galeomorphii,1,Guinea current coast,1994 - 2002,2001
Galeomorphii,1,Guinea current coast,1994 - 2002,2001
Galeomorphii,1,Guinea current coast,1994 - 2002,2001
Galeomorphii,1,Guinea current coast,1994 - 2002,2001
Galeomorphii,1,Guinea current coast,1994 - 2002,2001
Galeomorphii,1,Guinea current coast,1994 - 2002,2001
Galeomorphii,1,Guinea current coast,1994 - 2002,2001
Galeomorphii,1,Guinea current coast,1994 - 2002,2001
Galeomorphii,1,Guinea current coast,1994 - 2002,2001
Galeomorphii,1,Guinea current coast,1994 - 2002,2001
Galeomorphii,1,Guinea current coast,1994 - 2002,2001
Galeomorphii,1,Guinea current coast,1994 - 2002,2001
Galeomorphii,1,Guinea current coast,1994 - 2002,2001
Galeomorphii,1,Guinea current coast,1994 - 2002,2001
Galeomorphii,1,Guinea current coast,1994 - 2002,2001
Galeomorphii,1,Guinea current coast,1994 - 2002,2001
Galeomorphii,1,Guinea current coast,1994 - 2002,2001
Galeomorphii,1,Guinea current coast,1994 - 2002,2001
Galeomorphii,1,Guinea current coast,1994 - 2002,2001
Galeomorphii,1,Guinea current coast,1994 - 2002,2001
Galeomorphii,1,Guinea current coast,1994 - 2002,2001
Galeomorphii,1,Guinea current coast,1994 - 2002,2001
Galeomorphii,1,Guinea current coast,1994 - 2002,2001
Galeomorphii,1,Coastal Californian current,2000-2003,1998
Galeomorphii,1,Coastal Californian current,2000-2003,1998
Galeomorphii,1,Coastal Californian current,2000-2003,1998
Galeomorphii,1,Coastal Californian current,2000-2003,1998
Galeomorphii,1,Coastal Californian current,2000-2003,1998
Galeomorphii,1,Coastal Californian current,2000-2003,1998
Galeomorphii,1,Coastal Californian current,2000-2003,1998
Galeomorphii,1,Coastal Californian current,2000-2003,1998
Galeomorphii,1,Coastal Californian current,2000-2004,1998
Galeomorphii,1,Coastal Californian current,2000-2004,1998
Galeomorphii,1,Coastal Californian current,2000-2004,1998
Galeomorphii,1,Coastal Californian current,2000-2004,1998
Galeomorphii,1,Coastal Californian current,2003-2008,1998
Galeomorphii,1,Coastal Californian current,2003-2008,1998
Galeomorphii,1,Coastal Californian current,2003-2008,1998
Galeomorphii,1,Coastal Californian current,2003-2008,2003
Galeomorphii,1,Coastal Californian current,2004-2006,2003
Galeomorphii,1,Coastal Californian current,2004-2006,2003
Galeomorphii,1,Coastal Californian current,2004-2006,2003
Galeomorphii,1,Coastal Californian current,2004-2006,2003
Galeomorphii,1,Coastal Californian current,1994-1996,2003
Galeomorphii,1,Coastal Californian current,1994-1996,2003
Galeomorphii,1,Coastal Californian current,1994-1996,2003
Galeomorphii,1,Coastal Californian current,1994-1996,2003
Galeomorphii,1,Coastal Californian current,1997-1998,2003
Galeomorphii,1,Coastal Californian current,1997-1998,2003
Galeomorphii,1,Coastal Californian current,1997-1998,2003
Galeomorphii,1,Coastal Californian current,1997-1998,2003
Galeomorphii,1,Coastal Californian current,2004-2006,2003
Galeomorphii,1,Coastal Californian current,2004-2006,2003
Galeomorphii,1,Coastal Californian current,2004-2006,1978
Galeomorphii,1,Coastal Californian current,2004-2006,1993
Galeomorphii,1,Coastal Californian current,2000-2001,1993
Galeomorphii,1,Coastal Californian current,2000-2001,1993
Galeomorphii,1,Coastal Californian current,2000-2001,1993
Galeomorphii,1,Coastal Californian current,2000-2001,1993
Galeomorphii,1,Coastal Californian current,2000-2003,1993
Galeomorphii,1,Coastal Californian current,2000-2003,1993
Galeomorphii,1,Coastal Californian current,2000-2003,1993
Galeomorphii,1,Coastal Californian current,2000-2003,1993
Galeomorphii,1,Coastal Californian current,2006-2007,1993
Galeomorphii,1,Coastal Californian current,2006-2007,2004
Galeomorphii,1,Coastal Californian current,2006-2007,2004
Galeomorphii,1,Coastal Californian current,2006-2007,2004
Galeomorphii,1,Coastal Californian current,2000-2004,2004
Galeomorphii,1,Coastal Californian current,2003-2008,2004
Galeomorphii,1,Coastal Californian current,2004-2006,2004
Galeomorphii,1,Coastal Californian current,1994-1996,2004
Galeomorphii,1,Coastal Californian current,1997-1998,2000
Galeomorphii,1,Coastal Californian current,2004-2006,2000
Galeomorphii,1,Coastal Californian current,2000-2003,2000
Galeomorphii,1,Coastal Californian current,2006-2007,2000
Galeomorphii,1,Caribbean,1985-1986,2000
Galeomorphii,1,Caribbean,1985-1986,2000
Galeomorphii,1,Caribbean,1985-1986,2000
Galeomorphii,1,Caribbean,1985-1986,2000
Galeomorphii,1,Caribbean,1985-1986,2000
Galeomorphii,1,Caribbean,1985-1986,2000
Galeomorphii,1,Caribbean,1985-1986,2000
Galeomorphii,1,Caribbean,1985-1986,2000
Galeomorphii,1,Caribbean,1985-1986,2000
Galeomorphii,1,Caribbean,1985-1986,2000
Galeomorphii,1,Caribbean,1985-1986,2000
Galeomorphii,1,Caribbean,1985-1986,2000
Galeomorphii,1,North Pacific equatorial counter current,2004-2005,2000
Galeomorphii,1,North Pacific equatorial counter current,2004-2005,2000
Galeomorphii,1,North Pacific equatorial counter current,2004-2005,2000
Galeomorphii,1,North Pacific equatorial counter current,2004-2005,2000
Galeomorphii,1,North Pacific equatorial counter current,2004-2005,2005
Galeomorphii,1,North Pacific equatorial counter current,2004-2005,2005
Galeomorphii,1,North Pacific equatorial counter current,2004-2005,2005
Galeomorphii,1,North Pacific equatorial counter current,2004-2005,2005
Galeomorphii,1,North Pacific equatorial counter current,2004-2005,2005
Galeomorphii,1,North Pacific equatorial counter current,2004-2005,2005
Galeomorphii,1,North Pacific equatorial counter current,2004-2005,2005
Galeomorphii,1,,1978-1993,2005
Galeomorphii,1,,1978-1993,2005
Galeomorphii,1,,1978-1993,2005
Galeomorphii,1,,1978-1993,2005
Galeomorphii,1,,1978-1993,2005
Galeomorphii,1,,1978-1993,2005
Galeomorphii,1,,1978-1993,2005
Galeomorphii,1,,1978-1993,2005
Galeomorphii,1,Central American coast,2005-2009,2005
Galeomorphii,1,Central American coast,2005-2009,2005
Galeomorphii,1,Central American coast,2005-2009,2005
Galeomorphii,1,Central American coast,2005-2009,2005
Galeomorphii,1,Central American coast,2005-2009,2005
Galeomorphii,1,Central American coast,2005-2009,2005
Galeomorphii,1,Central American coast,2005-2009,2005
Galeomorphii,1,Central American coast,2005-2009,2005
Galeomorphii,1,Central American coast,2005-2009,2005
Galeomorphii,1,Central American coast,2005-2009,2005
Galeomorphii,1,Central American coast,2005-2009,2005
Galeomorphii,1,Central American coast,2005-2009,2005
Galeomorphii,1,Central American coast,2005-2009,2005
Galeomorphii,1,Central American coast,2005-2009,2005
Galeomorphii,1,Central American coast,2005-2009,2005
Galeomorphii,1,Central American coast,2005-2009,2005
Galeomorphii,1,Central American coast,2006-2007,2005
Galeomorphii,1,Central American coast,2006-2007,2007
Galeomorphii,1,Central American coast,2006-2007,2007
Galeomorphii,1,Central American coast,2006-2007,2007
Galeomorphii,1,Central American coast,2006-2007,2007
Galeomorphii,1,Central American coast,2006-2007,2000
Galeomorphii,1,Central American coast,2006-2007,2000
Galeomorphii,1,Central American coast,2006-2007,2000
Galeomorphii,1,Central American coast,2006-2007,2000
Galeomorphii,1,Central American coast,2006-2007,2000
Galeomorphii,1,Central American coast,2006-2007,2000
Galeomorphii,1,Central American coast,2006-2007,2000
Galeomorphii,1,Central American coast,2006-2007,2000
Galeomorphii,1,Central American coast,2006-2007,2003
Galeomorphii,1,Central American coast,2006-2007,2003
Galeomorphii,1,Central American coast,2006-2007,2003
Galeomorphii,1,Central American coast,2006-2007,2003
Galeomorphii,1,Central American coast,2006-2007,2003
Galeomorphii,1,Central American coast,2006-2007,2003
Galeomorphii,1,Central American coast,2006-2007,2003
Galeomorphii,1,Central American coast,2006-2007,2003
Galeomorphii,1,Central American coast,2006-2007,2003
Galeomorphii,1,Central American coast,2006-2007,2003
Galeomorphii,1,Central American coast,2006-2007,1987
Galeomorphii,1,Central American coast,2006-2007,1987
Galeomorphii,1,Central American coast,2006-2007,1987
Galeomorphii,1,Central American coast,2006-2007,1987
Galeomorphii,1,Central American coast,2006-2007,1987
Galeomorphii,1,Central American coast,2006-2007,1987
Galeomorphii,1,Central American coast,2000-2006,1987
Galeomorphii,1,Central American coast,2000-2006,1987
Galeomorphii,1,Central American coast,2000-2006,1987
Galeomorphii,1,Central American coast,2000-2006,1987
Galeomorphii,1,Central American coast,2000-2006,1987
Galeomorphii,1,Central American coast,2000-2006,1987
Galeomorphii,1,Central American coast,2000-2006,1987
Galeomorphii,1,Central American coast,2000-2006,1987
Galeomorphii,1,Central American coast,2005,1987
Galeomorphii,1,Central American coast,2005,1971
Galeomorphii,1,Central American coast,2005,1971
Galeomorphii,1,Central American coast,2005,1971
Galeomorphii,1,Central American coast,2005,2004
Galeomorphii,1,Central American coast,2005,2004
Galeomorphii,1,Central American coast,2005,2004
Galeomorphii,1,Caribbean,1993-1997,2004
Galeomorphii,1,Caribbean,1993-1997,2004
Galeomorphii,1,Caribbean,1993-1997,2004
Galeomorphii,1,Caribbean,1993-1997,2003
Galeomorphii,1,Caribbean,1993-1997,2003
Galeomorphii,1,Caribbean,1993-1997,2003
Galeomorphii,1,Caribbean,1993-1997,2003
Galeomorphii,1,Caribbean,1993-1997,2003
Galeomorphii,1,Caribbean,1993-1997,2003
Galeomorphii,1,Caribbean,1993-1997,2003
Galeomorphii,1,Caribbean,1993-1997,2003
Galeomorphii,1,Caribbean,1993-1997,2003
Galeomorphii,1,Caribbean,1993-1997,2003
Galeomorphii,1,Caribbean,1993-1997,2003
Galeomorphii,1,Caribbean,1993-1997,2003
Galeomorphii,1,Caribbean,1993-1997,2003
Galeomorphii,1,Caribbean,1993-1997,2003
Galeomorphii,1,Central American coast,2006-2007,2003
Galeomorphii,1,Central American coast,2006-2007,2003
Galeomorphii,1,Central American coast,2006-2007,2003
Galeomorphii,1,Central American coast,2006-2007,2003
Galeomorphii,1,Central American coast,2006-2007,2003
Galeomorphii,1,Central American coast,2006-2007,1986
Galeomorphii,1,Central American coast,2006-2007,1986
Galeomorphii,1,Central American coast,2006-2007,1986
Galeomorphii,1,,1978-1998,1986
Galeomorphii,1,,1978-1998,1986
Galeomorphii,1,,1978-1998,1986
Galeomorphii,1,,1978-1998,1986
Galeomorphii,1,,1978-1998,1986
Galeomorphii,1,,1978-1998,1986
Galeomorphii,1,,1978-1998,1986
Galeomorphii,1,,1978-1998,1986
Galeomorphii,1,,1978-1998,1986
Galeomorphii,1,,1978-1998,1986
Galeomorphii,1,,1978-1998,1986
Galeomorphii,1,,1978-1998,1986
Galeomorphii,1,,1978-1998,1986
Galeomorphii,1,,1978-1998,2007
Galeomorphii,1,,1978-1998,2007
Galeomorphii,1,,1978-1998,2007
Galeomorphii,1,,1978-1998,2007
Galeomorphii,1,Eastern India coast,1976 - 1977,2007
Galeomorphii,1,Eastern India coast,1976 - 1977,2007
Galeomorphii,1,Eastern India coast,1976 - 1977,2007
Galeomorphii,1,Eastern India coast,1976 - 1977,2007
Galeomorphii,1,Eastern India coast,1976 - 1977,2007
Galeomorphii,1,Eastern India coast,1976 - 1977,2012
Galeomorphii,1,Eastern India coast,1976 - 1977,2012
Galeomorphii,1,Eastern India coast,1976 - 1977,2012
Galeomorphii,1,Eastern India coast,1976 - 1977,1995
Galeomorphii,1,Central American coast,1996-2001,2003
Galeomorphii,1,Central American coast,1996-2001,2003
Galeomorphii,1,Central American coast,1996-2001,2003
Galeomorphii,1,Central American coast,1996-2001,2003
Galeomorphii,1,Central American coast,1996-2001,2003
Galeomorphii,1,Central American coast,1996-2001,2003
Galeomorphii,1,Central American coast,1996-2001,2003
Galeomorphii,1,Central American coast,1996-2001,2003
Galeomorphii,1,Central American coast,1996-2001,2003
Galeomorphii,1,Central American coast,1996-2001,2003
Galeomorphii,1,Central American coast,1996-2001,2003
Galeomorphii,1,Central American coast,1996-2001,2003
Galeomorphii,1,Central American coast,1996-2001,2003
Galeomorphii,1,Central American coast,1996-2001,2003
Galeomorphii,1,Central American coast,1996-2001,2003
Galeomorphii,1,Central American coast,1996-2001,2003
Galeomorphii,1,Central American coast,1996-2001,2003
Galeomorphii,1,Central American coast,1996-2001,2003
Galeomorphii,1,Central American coast,1996-2001,2003
Galeomorphii,1,Sunda-Arafura shelves,2001-2006,1940
Galeomorphii,1,Sunda-Arafura shelves,2001-2006,1940
Galeomorphii,1,Sunda-Arafura shelves,2001-2006,1940
Galeomorphii,1,Sunda-Arafura shelves,2001-2006,1940
Galeomorphii,1,Sunda-Arafura shelves,2001-2006,1940
Galeomorphii,1,Sunda-Arafura shelves,2001-2006,1940
Galeomorphii,1,Sunda-Arafura shelves,2001-2006,1940
Galeomorphii,1,Sunda-Arafura shelves,2001-2006,2007
Galeomorphii,1,Sunda-Arafura shelves,2001-2006,2007
Galeomorphii,1,Sunda-Arafura shelves,2001-2006,2007
Galeomorphii,1,Sunda-Arafura shelves,2001-2006,2007
Galeomorphii,1,Sunda-Arafura shelves,2001-2006,2007
Galeomorphii,1,Sunda-Arafura shelves,2001-2006,2007
Galeomorphii,1,Sunda-Arafura shelves,2001-2006,2007
Galeomorphii,1,Sunda-Arafura shelves,2001-2006,2007
Galeomorphii,1,Sunda-Arafura shelves,2001-2006,2007
Galeomorphii,1,Sunda-Arafura shelves,2001-2006,2007
Galeomorphii,1,Sunda-Arafura shelves,2001-2006,2007
Galeomorphii,1,Sunda-Arafura shelves,2001-2006,2007
Galeomorphii,1,Sunda-Arafura shelves,2001-2006,2007
Galeomorphii,1,Sunda-Arafura shelves,2001-2006,2007
Galeomorphii,1,Sunda-Arafura shelves,2001-2006,2007
Galeomorphii,1,Sunda-Arafura shelves,2001-2006,2007
Galeomorphii,1,Sunda-Arafura shelves,2001-2006,2007
Galeomorphii,1,Sunda-Arafura shelves,2001-2006,2007
Galeomorphii,1,Sunda-Arafura shelves,2001-2006,2007
Galeomorphii,1,Sunda-Arafura shelves,2001-2006,2007
Galeomorphii,1,Sunda-Arafura shelves,2001-2006,2007
Galeomorphii,1,Sunda-Arafura shelves,2001-2006,2007
Galeomorphii,1,Sunda-Arafura shelves,2001-2006,2007
Galeomorphii,1,Sunda-Arafura shelves,2001-2006,2007
Galeomorphii,1,Sunda-Arafura shelves,2001-2006,2007
Galeomorphii,1,Sunda-Arafura shelves,2001-2006,2007
Galeomorphii,1,Sunda-Arafura shelves,2001-2006,2007
Galeomorphii,1,Sunda-Arafura shelves,2001-2006,2007
Galeomorphii,1,Sunda-Arafura shelves,2001-2006,2007
Galeomorphii,1,Sunda-Arafura shelves,2001-2006,2007
Galeomorphii,1,Sunda-Arafura shelves,2001-2006,2007
Galeomorphii,1,Sunda-Arafura shelves,2001-2006,2007
Galeomorphii,1,Sunda-Arafura shelves,2001-2006,2007
Galeomorphii,1,Sunda-Arafura shelves,2001-2006,2007
Galeomorphii,1,Sunda-Arafura shelves,2001-2006,2007
Galeomorphii,1,Sunda-Arafura shelves,2001-2006,2007
Galeomorphii,1,Sunda-Arafura shelves,2001-2006,2007
Galeomorphii,1,Sunda-Arafura shelves,2001-2006,2007
Galeomorphii,1,Sunda-Arafura shelves,2001-2006,2008
Galeomorphii,1,Sunda-Arafura shelves,2001-2006,2008
Galeomorphii,1,Sunda-Arafura shelves,2001-2006,2008
Galeomorphii,1,Sunda-Arafura shelves,2001-2006,2008
Galeomorphii,1,Sunda-Arafura shelves,2001-2006,2008
Galeomorphii,1,Sunda-Arafura shelves,2001-2006,2008
Galeomorphii,1,Sunda-Arafura shelves,2001-2006,2008
Galeomorphii,1,Sunda-Arafura shelves,2001-2006,2008
Galeomorphii,1,Sunda-Arafura shelves,2001-2006,2008
Galeomorphii,1,Sunda-Arafura shelves,2001-2006,2008
Galeomorphii,1,Sunda-Arafura shelves,2001-2006,2008
Galeomorphii,1,Sunda-Arafura shelves,2001-2006,2008
Galeomorphii,1,Sunda-Arafura shelves,2001-2006,1980
Galeomorphii,1,Sunda-Arafura shelves,2001-2006,1980
Galeomorphii,1,Sunda-Arafura shelves,2001-2006,1980
Galeomorphii,1,Sunda-Arafura shelves,2001-2006,1980
Galeomorphii,1,Sunda-Arafura shelves,2001-2006,1980
Galeomorphii,1,Sunda-Arafura shelves,2001-2006,1980
Galeomorphii,1,Sunda-Arafura shelves,2001-2006,1980
Galeomorphii,1,Sunda-Arafura shelves,2001-2006,1980
Galeomorphii,1,Northwest Atlantic shelves,1998-2001,1980
Galeomorphii,1,Northwest Atlantic shelves,1998-2001,
Galeomorphii,1,Northwest Atlantic shelves,1998-2001,
Galeomorphii,1,Northwest Atlantic shelves,1998-2001,
Galeomorphii,1,Northwest Atlantic shelves,1998-2001,
Galeomorphii,1,Northwest Atlantic shelves,1998-2001,
Galeomorphii,1,Northwest Atlantic shelves,1998-2001,
Galeomorphii,1,Northwest Atlantic shelves,1998-2001,
Galeomorphii,1,Northwest Atlantic shelves,1998-2001,1980
Galeomorphii,1,Northwest Atlantic shelves,1998-2001,1980
Galeomorphii,1,Northwest Atlantic shelves,1998-2001,1980
Galeomorphii,1,Northwest Atlantic shelves,1998-2001,1980
Galeomorphii,1,Northwest Atlantic shelves,1998-2001,1980
Galeomorphii,1,Northwest Atlantic shelves,1998-2001,1980
Galeomorphii,1,Northwest Atlantic shelves,1998-2001,1980
Galeomorphii,1,Northwest Atlantic shelves,1998-2001,1980
Galeomorphii,1,Northwest Atlantic shelves,1998-2001,
Galeomorphii,1,Northwest Atlantic shelves,1998-2001,
Galeomorphii,1,Northwest Atlantic shelves,1998-2001,
Galeomorphii,1,Northwest Atlantic shelves,1998-2001,
Galeomorphii,1,Northwest Atlantic shelves,1998-2001,
Galeomorphii,1,Northwest Atlantic shelves,1998-2001,1980
Galeomorphii,1,Northwest Atlantic shelves,1998-2001,1980
Galeomorphii,1,Central American coast,2003-2004,
Galeomorphii,1,Central American coast,2003-2004,
Galeomorphii,1,Central American coast,2003-2004,
Galeomorphii,1,Central American coast,2003-2004,1980
Galeomorphii,1,Central American coast,2003-2004,1980
Galeomorphii,1,Central American coast,2003-2004,1980
Galeomorphii,1,Central American coast,2003-2004,
Galeomorphii,1,Central American coast,2003-2004,1980
Galeomorphii,1,Central American coast,2003-2004,
Galeomorphii,1,Central American coast,2003-2004,1980
Galeomorphii,1,Central American coast,2003-2004,1980
Galeomorphii,1,Central American coast,2003-2004,1980
Galeomorphii,1,Central American coast,2003-2004,1980
Galeomorphii,1,Central American coast,2003-2004,1980
Galeomorphii,1,Central American coast,2003-2004,1980
Galeomorphii,1,,1978-1993,1981
Galeomorphii,1,Caribbean,1993-1998,1981
Galeomorphii,1,Caribbean,1993-1998,1981
Galeomorphii,1,Caribbean,1993-1998,1981
Galeomorphii,1,Caribbean,1993-1998,1981
Galeomorphii,1,Caribbean,1993-1998,1981
Galeomorphii,1,Caribbean,1993-1998,1981
Galeomorphii,1,Caribbean,1993-1998,1981
Galeomorphii,1,Caribbean,1993-1998,1981
Galeomorphii,1,Caribbean,1993-1998,1981
Galeomorphii,1,Caribbean,1993-1998,1981
Galeomorphii,1,Central American coast,2004-2006,1981
Galeomorphii,1,Central American coast,2004-2006,1981
Galeomorphii,1,Central American coast,2004-2006,1981
Galeomorphii,1,Central American coast,2004-2006,1981
Galeomorphii,1,Central American coast,2004-2006,1981
Galeomorphii,1,Central American coast,2004-2006,1981
Galeomorphii,1,Central American coast,2004-2006,1981
Galeomorphii,1,Coastal Californian current,2000-202,1981
Galeomorphii,1,Coastal Californian current,2000-202,1981
Galeomorphii,1,Coastal Californian current,2000-202,1981
Galeomorphii,1,Coastal Californian current,2000-202,1981
Galeomorphii,1,Coastal Californian current,2000-202,1981
Galeomorphii,1,Coastal Californian current,2000-202,1981
Galeomorphii,1,Coastal Californian current,2000-202,1981
Galeomorphii,1,Coastal Californian current,2000-202,1981
Galeomorphii,1,Coastal Californian current,2000-202,1981
Galeomorphii,1,Coastal Californian current,2000-202,1981
Galeomorphii,1,Coastal Californian current,2000-202,1981
Galeomorphii,1,Coastal Californian current,2000-202,1981
Galeomorphii,1,Coastal Californian current,2000-202,1981
Galeomorphii,1,Coastal Californian current,2000-202,1981
Galeomorphii,1,Coastal Californian current,2000-203,1981
Galeomorphii,1,Coastal Californian current,2000-202,1981
Galeomorphii,1,Coastal Californian current,2000-202,1981
Galeomorphii,1,Coastal Californian current,2000-202,1981
Galeomorphii,1,Coastal Californian current,2000-202,1981
Galeomorphii,1,Coastal Californian current,2000-202,1981
Galeomorphii,1,Coastal Californian current,2000-204,1981
Galeomorphii,1,East Australian coast,2005- 2010,2001
Galeomorphii,1,East Australian coast,2005- 2010,2001
Galeomorphii,1,East Australian coast,2005- 2010,2001
Galeomorphii,1,East Australian coast,2005- 2010,2001
Galeomorphii,1,East Australian coast,2005- 2010,2001
Galeomorphii,1,East Australian coast,2005- 2010,2001
Galeomorphii,1,East Australian coast,2005- 2010,2001
Galeomorphii,1,East Australian coast,2005- 2010,2001
Galeomorphii,1,East Australian coast,2005- 2010,2001
Galeomorphii,1,East Australian coast,2005- 2010,2001
Galeomorphii,1,East Australian coast,2005- 2010,2001
Galeomorphii,1,East Australian coast,2005- 2010,2001
Galeomorphii,1,East Australian coast,2005- 2010,2001
Galeomorphii,1,East Australian coast,2005- 2010,1993
Galeomorphii,1,East Australian coast,2005- 2010,1993
Galeomorphii,1,East Australian coast,2005- 2010,2004
Galeomorphii,1,East Australian coast,2005- 2010,2004
Galeomorphii,1,East Australian coast,2005- 2010,2004
Galeomorphii,1,East Australian coast,2005- 2010,2004
Galeomorphii,1,East Australian coast,2005- 2010,2004
Galeomorphii,1,East Australian coast,2005- 2010,2004
Galeomorphii,1,East Australian coast,2005- 2010,2005
Galeomorphii,1,East Australian coast,2005- 2010,2005
Galeomorphii,1,East Australian coast,2005- 2010,2005
Galeomorphii,1,East Australian coast,2005- 2010,2005
Galeomorphii,1,East Australian coast,2005- 2010,2005
Galeomorphii,1,East Australian coast,2005- 2010,2005
Galeomorphii,1,East Australian coast,2005- 2010,2005
Galeomorphii,1,East Australian coast,2005- 2010,2005
Galeomorphii,1,East Australian coast,2005- 2010,2005
Galeomorphii,1,East Australian coast,2005- 2010,2005
Galeomorphii,1,East Australian coast,2005- 2010,2005
Galeomorphii,1,East Australian coast,2005- 2010,2001
Galeomorphii,1,East Australian coast,2005- 2010,2001
Galeomorphii,1,East Australian coast,2005- 2010,2001
Galeomorphii,1,East Australian coast,2005- 2010,2001
Galeomorphii,1,East Australian coast,2005- 2010,2001
Galeomorphii,1,East Australian coast,2005- 2010,2001
Galeomorphii,1,East Australian coast,2005- 2010,2001
Galeomorphii,1,East Australian coast,2005- 2010,2001
Galeomorphii,1,East Australian coast,2005- 2010,2001
Galeomorphii,1,East Australian coast,2005- 2010,2001
Galeomorphii,1,East Australian coast,2005- 2010,2001
Galeomorphii,1,East Australian coast,2005- 2010,2001
Galeomorphii,1,East Australian coast,2005- 2010,2001
Galeomorphii,1,East Australian coast,2005- 2010,2001
Galeomorphii,1,East Australian coast,2005- 2010,2001
Galeomorphii,1,East Australian coast,2005- 2010,2001
Galeomorphii,1,East Australian coast,2005- 2010,2001
Galeomorphii,1,East Australian coast,2005- 2010,2001
Galeomorphii,1,East Australian coast,2005- 2010,2014
Galeomorphii,1,East Australian coast,2005- 2010,2014
Galeomorphii,1,East Australian coast,2007 - 2010,2014
Galeomorphii,1,East Australian coast,2007 - 2010,2014
Galeomorphii,1,East Australian coast,2007 - 2010,2014
Galeomorphii,1,East Australian coast,2007 - 2010,2014
Galeomorphii,1,Coastal Californian current,2000-2002,1998
Galeomorphii,1,Coastal Californian current,2000-2002,1998
Galeomorphii,1,Coastal Californian current,2000-2002,1998
Galeomorphii,1,Coastal Californian current,2000-2002,1998
Galeomorphii,1,Coastal Californian current,2000-2002,1998
Galeomorphii,1,Coastal Californian current,2000-2002,1967
Galeomorphii,1,Coastal Californian current,2000-2002,1967
Galeomorphii,1,Coastal Californian current,2000-2002,1967
Galeomorphii,1,Central American coast,2003-2004,2001
Galeomorphii,1,Central American coast,2003-2004,2001
Galeomorphii,1,Central American coast,2003-2004,2001
Galeomorphii,1,Central American coast,2003-2004,2001
Galeomorphii,1,Central American coast,2003-2004,2001
Galeomorphii,1,Central American coast,2003-2004,2001
Galeomorphii,1,Central American coast,2003-2004,2001
Galeomorphii,1,Central American coast,2003-2004,2001
Galeomorphii,1,Central American coast,2003-2004,2001
Galeomorphii,1,Central American coast,2003-2004,2001
Galeomorphii,1,Central American coast,1987-1999,2001
Galeomorphii,1,Central American coast,1987-1999,2001
Galeomorphii,1,Central American coast,1987-1999,2001
Galeomorphii,1,Central American coast,1987-1999,2001
Galeomorphii,1,Central American coast,1987-1999,2001
Galeomorphii,1,Central American coast,1987-1999,2001
Galeomorphii,1,Central American coast,1987-1999,2001
Galeomorphii,1,Central American coast,1987-1999,2001
Galeomorphii,1,Central American coast,1987-1999,2001
Galeomorphii,1,Central American coast,1987-1999,2001
Galeomorphii,1,Central American coast,1987-1999,2001
Galeomorphii,1,Central American coast,1987-1999,2001
Galeomorphii,1,Central American coast,1987-1999,2001
Galeomorphii,1,Central American coast,1987-1999,2001
Galeomorphii,1,Central American coast,1987-1999,2001
Galeomorphii,1,Central American coast,1971-1972,2001
Galeomorphii,1,Central American coast,1971-1972,2001
Galeomorphii,1,Central American coast,1971-1972,2001
Galeomorphii,1,Central American coast,2004-2006,2001
Galeomorphii,1,Central American coast,2004-2006,2001
Galeomorphii,1,Central American coast,2004-2006,2001
Galeomorphii,1,Central American coast,2004-2006,2001
Galeomorphii,1,Central American coast,2004-2006,2001
Galeomorphii,1,Central American coast,2004-2006,2001
Galeomorphii,1,Central American coast,2003-2004,2001
Galeomorphii,1,Central American coast,2003-2004,2001
Galeomorphii,1,Central American coast,2003-2004,2001
Galeomorphii,1,Central American coast,2003-2004,2001
Galeomorphii,1,Central American coast,2003-2004,2001
Galeomorphii,1,Central American coast,2003-2004,2001
Galeomorphii,1,Central American coast,2003-2004,2001
Galeomorphii,1,Central American coast,2003-2004,2001
Galeomorphii,1,Central American coast,2003-2004,2001
Galeomorphii,1,Central American coast,2003-2004,2001
Galeomorphii,1,Central American coast,2003-2004,2001
Galeomorphii,1,Central American coast,2003-2004,2001
Galeomorphii,1,Central American coast,2003-2004,2001
Galeomorphii,1,Central American coast,2003-2004,2001
Galeomorphii,1,Central American coast,2003-2004,2001
Galeomorphii,1,Central American coast,2003-2004,2001
Galeomorphii,1,Central American coast,2003-2004,2001
Galeomorphii,1,Central American coast,2003-2004,2001
Galeomorphii,1,Central American coast,2003-2004,2001
Galeomorphii,1,Central American coast,1986-1987,2001
Galeomorphii,1,Central American coast,1986-1987,2001
Galeomorphii,1,Central American coast,1986-1987,2001
Galeomorphii,1,Central American coast,1986-1987,2001
Galeomorphii,1,Central American coast,1986-1987,2001
Galeomorphii,1,Central American coast,1986-1987,2001
Galeomorphii,1,Central American coast,1986-1987,2001
Galeomorphii,1,Central American coast,1986-1987,2001
Galeomorphii,1,Central American coast,1986-1987,2001
Galeomorphii,1,Central American coast,1986-1987,2001
Galeomorphii,1,Central American coast,1986-1987,2001
Galeomorphii,1,Central American coast,1986-1987,2001
Galeomorphii,1,Central American coast,1986-1987,2001
Galeomorphii,1,Central American coast,1986-1987,2001
Galeomorphii,1,Central American coast,1986-1987,2001
Galeomorphii,1,Central American coast,1986-1987,2001
Galeomorphii,1,Central American coast,1986-1987,2001
Galeomorphii,1,Central American coast,1986-1987,2001
Galeomorphii,1,Central American coast,1986-1987,2001
Galeomorphii,1,Central American coast,1986-1987,2001
Galeomorphii,1,Central American coast,1986-1987,2001
Galeomorphii,1,Central American coast,1986-1987,2001
Galeomorphii,1,Central American coast,1986-1987,2001
Galeomorphii,1,Central American coast,1986-1987,2001
Galeomorphii,1,Central American coast,1986-1987,2001
Galeomorphii,1,Central American coast,1986-1987,2001
Galeomorphii,1,Central American coast,1986-1987,2001
Galeomorphii,1,Central American coast,1986-1987,2001
Galeomorphii,1,Central American coast,1986-1987,2001
Galeomorphii,1,Central American coast,1986-1987,2001
Galeomorphii,1,Central American coast,1986-1987,2001
Galeomorphii,1,Central American coast,1986-1987,2001
Galeomorphii,1,Central American coast,1986-1987,2001
Galeomorphii,1,Central American coast,1986-1987,2001
Galeomorphii,1,Central American coast,2007-2011,2001
Galeomorphii,1,Central American coast,2007-2011,2001
Galeomorphii,1,Central American coast,2007-2011,2001
Galeomorphii,1,Central American coast,2007-2011,2001
Galeomorphii,1,Central American coast,2007-2011,2001
Galeomorphii,1,Central American coast,2007-2011,2001
Galeomorphii,1,Central American coast,2007-2011,2001
Galeomorphii,1,Central American coast,2007-2011,2001
Galeomorphii,1,Central American coast,2007-2011,2001
Galeomorphii,1,"Red Sea, Persian Gulf",2012,2001
Galeomorphii,1,"Red Sea, Persian Gulf",2012,2001
Galeomorphii,1,"Red Sea, Persian Gulf",2012,2001
Galeomorphii,1,Central American coast,1995-2000,2001
Galeomorphii,1,Central American coast,1995-2000,2001
Galeomorphii,1,Central American coast,1995-2000,2001
Galeomorphii,1,Central American coast,1995-2000,2001
Galeomorphii,1,Caribbean,1993-1994,2001
Galeomorphii,1,Caribbean,1993-1994,2001
Galeomorphii,1,Caribbean,1993-1994,2001
Galeomorphii,1,Caribbean,1993-1994,2001
Galeomorphii,1,Central American coast,1995-1996,2001
Galeomorphii,1,Central American coast,1995-1996,2001
Galeomorphii,1,Central American coast,1995-1996,2001
Galeomorphii,1,Central American coast,1995-1996,2001
Galeomorphii,1,Central American coast,1995-1996,2001
Galeomorphii,1,Central American coast,1995-1996,2001
Galeomorphii,1,Central American coast,1995-1996,2001
Galeomorphii,1,Central American coast,1995-1996,2001
Galeomorphii,1,Central American coast,1995-1996,2001
Galeomorphii,1,Central American coast,1995-1996,2001
Galeomorphii,1,Central American coast,1995-1996,2001
Galeomorphii,1,Central American coast,1995-1996,2001
Galeomorphii,1,Central American coast,1995-1996,2001
Galeomorphii,1,Central American coast,1995-1996,2001
Galeomorphii,1,Central American coast,1995-1996,2001
Galeomorphii,1,Central American coast,1995-1996,2001
Galeomorphii,1,Central American coast,1995-1996,2001
Galeomorphii,1,Central American coast,1995-1996,2001
Galeomorphii,1,Central American coast,1995-1996,2001
Galeomorphii,1,Central American coast,1995-1996,2001
Galeomorphii,1,Central American coast,1995-1996,2001
Galeomorphii,1,Central American coast,1995-1996,2001
Galeomorphii,1,Central American coast,1995-1996,2001
Galeomorphii,1,Central American coast,1995-1996,2001
Galeomorphii,1,Central American coast,1995-1996,1968
Galeomorphii,1,Central American coast,1995-1996,1968
Galeomorphii,1,Central American coast,1995-1996,1968
Galeomorphii,1,Central American coast,1995-1996,1968
Galeomorphii,1,Central American coast,1995-1996,1951
Galeomorphii,1,Central American coast,1995-1996,1951
Galeomorphii,1,Central American coast,1995-1996,1951
Galeomorphii,1,Caribbean,2003-2009,1967
Galeomorphii,1,Caribbean,2003-2009,1967
Galeomorphii,1,Caribbean,2003-2009,1967
Galeomorphii,1,Caribbean,2003-2009,1967
Galeomorphii,1,Caribbean,2003-2009,1967
Galeomorphii,1,Caribbean,2003-2009,1967
Galeomorphii,1,Caribbean,2003-2009,1967
Galeomorphii,1,Caribbean,2003-2009,1967
Galeomorphii,1,Caribbean,2003-2009,1967
Galeomorphii,1,Caribbean,2003-2009,1967
Galeomorphii,1,Caribbean,2003-2009,1967
Galeomorphii,1,Caribbean,2003-2009,1967
Galeomorphii,1,Caribbean,2003-2009,1967
Galeomorphii,1,Caribbean,2003-2009,1967
Galeomorphii,1,Caribbean,2003-2009,1967
Galeomorphii,1,Caribbean,2003-2009,1967
Galeomorphii,1,Caribbean,2003-2009,1967
Galeomorphii,1,Caribbean,2003-2009,1967
Galeomorphii,1,Caribbean,2003-2009,1967
Galeomorphii,1,Caribbean,2003-2009,1967
Galeomorphii,1,Caribbean,2003-2009,1967
Galeomorphii,1,Caribbean,2003-2009,
Galeomorphii,1,Caribbean,2003-2009,
Galeomorphii,1,Caribbean,2003-2009,1937
Galeomorphii,1,Caribbean,2003-2009,
Galeomorphii,1,Caribbean,2003-2009,
Galeomorphii,1,Caribbean,2003-2009,
Galeomorphii,1,Caribbean,2003-2009,
Galeomorphii,1,Caribbean,2003-2009,
Galeomorphii,1,"Red Sea, Persian Gulf",2014,2015
Galeomorphii,1,"Red Sea, Persian Gulf",2014,1878
Galeomorphii,1,"Red Sea, Persian Gulf",2014,1878
Galeomorphii,1,"Red Sea, Persian Gulf",2014,2004
Galeomorphii,1,"Red Sea, Persian Gulf",2014,2012
Galeomorphii,1,Coastal Californian current,200-2003,2012
Galeomorphii,1,Coastal Californian current,200-2003,2007
Galeomorphii,1,Coastal Californian current,200-2003,2007
Galeomorphii,1,Coastal Californian current,200-2003,2007
Galeomorphii,1,Coastal Californian current,200-2003,2007
Galeomorphii,1,Coastal Californian current,200-2003,2007
Galeomorphii,1,Coastal Californian current,200-2003,2007
Galeomorphii,1,Coastal Californian current,200-2003,2007
Galeomorphii,1,Coastal Californian current,2000-2003/2008-2016,2007
Galeomorphii,1,Coastal Californian current,2000-2003/2008-2016,2007
Galeomorphii,1,Coastal Californian current,2000-2003/2008-2016,2007
Galeomorphii,1,Coastal Californian current,2000-2003/2008-2016,2007
Galeomorphii,1,Coastal Californian current,2000-2003/2008-2016,2007
Galeomorphii,1,Coastal Californian current,2000-2003/2008-2016,2007
Galeomorphii,1,Coastal Californian current,2000-2003/2008-2016,2007
Galeomorphii,1,Coastal Californian current,2000-2003/2008-2016,2007
Galeomorphii,1,Coastal Californian current,2000-2003/2008-2016,2007
Galeomorphii,1,Coastal Californian current,2000-2003/2008-2016,2007
Galeomorphii,1,Coastal Californian current,2000-2003/2008-2016,2007
Galeomorphii,1,Coastal Californian current,2000-2003/2008-2016,2007
Galeomorphii,1,Coastal Californian current,2000-2003/2008-2016,2007
Galeomorphii,1,Coastal Californian current,2000-2003/2008-2016,2007
Galeomorphii,1,Coastal Californian current,2000-2003/2008-2016,2007
Galeomorphii,1,Coastal Californian current,2000-2003/2008-2016,2007
Galeomorphii,1,Coastal Californian current,2000-2003/2008-2016,2007
Galeomorphii,1,Coastal Californian current,2000-2003/2008-2016,2007
Galeomorphii,1,Coastal Californian current,2000-2003/2008-2016,2007
Galeomorphii,1,Coastal Californian current,2000-2003/2008-2016,2007
Galeomorphii,1,Coastal Californian current,2000-2003/2008-2016,2007
Galeomorphii,1,Coastal Californian current,2000-2003/2008-2016,2007
Galeomorphii,1,Caribbean,2002/2004,2007
Galeomorphii,1,Caribbean,2002/2004,2007
Galeomorphii,1,Caribbean,2002/2004,2007
Galeomorphii,1,Coastal Californian current,2000-2002,2007
Galeomorphii,1,Coastal Californian current,2000-2002,2007
Galeomorphii,1,Coastal Californian current,2000-2002,2007
Galeomorphii,1,Coastal Californian current,2000-2002,2007
Galeomorphii,1,Coastal Californian current,2000-2002,2007
Galeomorphii,1,Western India coast,1940 - 1944,1979
Galeomorphii,1,Western India coast,1940 - 1944,1979
Galeomorphii,1,Western India coast,1940 - 1944,1979
Galeomorphii,1,Western India coast,1940 - 1944,1979
Galeomorphii,1,Western India coast,1940 - 1944,1979
Galeomorphii,1,Western India coast,1940 - 1944,1979
Galeomorphii,1,Western India coast,1940 - 1944,1979
Galeomorphii,1,Western India coast,1940 - 1944,1979
Galeomorphii,1,Coastal Californian current,2007-2011,1979
Galeomorphii,1,Coastal Californian current,2007-2011,1979
Galeomorphii,1,Coastal Californian current,2007-2011,1979
Galeomorphii,1,Coastal Californian current,2007-2011,1979
Galeomorphii,1,Coastal Californian current,2007-2011,1979
Galeomorphii,1,Coastal Californian current,2007-2011,1979
Galeomorphii,1,Coastal Californian current,2007-2011,1979
Galeomorphii,1,Coastal Californian current,2007-2011,1979
Galeomorphii,1,Coastal Californian current,2007-2011,1979
Galeomorphii,1,Coastal Californian current,2007-2011,1979
Galeomorphii,1,Coastal Californian current,2007-2011,1979
Galeomorphii,1,Coastal Californian current,2007-2011,1979
Galeomorphii,1,Coastal Californian current,2007-2011,1979
Galeomorphii,1,East Australian coast,2007 - 2010,1979
Galeomorphii,1,East Australian coast,2007 - 2010,1979
Galeomorphii,1,East Australian coast,2007 - 2010,1979
Galeomorphii,1,East Australian coast,2007 - 2010,1979
Galeomorphii,1,East Australian coast,2007 - 2010,1979
Galeomorphii,1,East Australian coast,2007 - 2010,1979
Galeomorphii,1,East Australian coast,2007 - 2010,1979
Galeomorphii,1,East Australian coast,2007 - 2010,1979
Galeomorphii,1,East Australian coast,2007 - 2010,1979
Galeomorphii,1,East Australian coast,2007 - 2010,1986
Galeomorphii,1,East Australian coast,2007 - 2010,1986
Galeomorphii,1,East Australian coast,2007 - 2010,1986
Galeomorphii,1,East Australian coast,2007 - 2010,1986
Galeomorphii,1,East Australian coast,2007 - 2010,1986
Galeomorphii,1,East Australian coast,2007 - 2010,1986
Galeomorphii,1,East Australian coast,2007 - 2010,1986
Galeomorphii,1,East Australian coast,2007 - 2010,1986
Galeomorphii,1,East Australian coast,2007 - 2010,1986
Galeomorphii,1,East Australian coast,2007 - 2010,1986
Galeomorphii,1,East Australian coast,2007 - 2010,1986
Galeomorphii,1,East Australian coast,2007 - 2010,1986
Galeomorphii,1,East Australian coast,2007 - 2010,1986
Galeomorphii,1,East Australian coast,2007 - 2010,1986
Galeomorphii,1,East Australian coast,2007 - 2010,1986
Galeomorphii,1,East Australian coast,2007 - 2010,1986
Galeomorphii,1,Coastal Californian current,2008-2016,1986
Galeomorphii,1,Coastal Californian current,2008-2016,1994
Galeomorphii,1,Coastal Californian current,2008-2016,1994
Galeomorphii,1,Coastal Californian current,2008-2016,1994
Galeomorphii,1,Coastal Californian current,2008-2016,1994
Galeomorphii,1,Coastal Californian current,2008-2016,1994
Galeomorphii,1,Coastal Californian current,2008-2016,1994
Galeomorphii,1,Coastal Californian current,2008-2016,1994
Galeomorphii,1,Coastal Californian current,2008-2016,1994
Galeomorphii,1,Coastal Californian current,2008-2016,1994
Galeomorphii,1,Coastal Californian current,2008-2016,1994
Galeomorphii,1,Coastal Californian current,2008-2016,1994
Galeomorphii,1,Sunda-Arafura shelves,1980 - 1986,1994
Galeomorphii,1,Sunda-Arafura shelves,1980 - 1986,1994
Galeomorphii,1,Sunda-Arafura shelves,1980 - 1986,1994
Galeomorphii,1,Sunda-Arafura shelves,1980 - 1986,1994
Galeomorphii,1,Sunda-Arafura shelves,1980 - 1986,1994
Galeomorphii,1,Sunda-Arafura shelves,1980 - 1986,1994
Galeomorphii,1,Sunda-Arafura shelves,1980 - 1986,1994
Galeomorphii,1,Sunda-Arafura shelves,1980 - 1986,1994
Galeomorphii,1,Sunda-Arafura shelves,1980 - 1986,1963
Galeomorphii,1,Sunda-Arafura shelves,,1963
Galeomorphii,1,Sunda-Arafura shelves,,1963
Galeomorphii,1,Sunda-Arafura shelves,,1963
Galeomorphii,1,Sunda-Arafura shelves,,1963
Galeomorphii,1,Sunda-Arafura shelves,,1963
Galeomorphii,1,Sunda-Arafura shelves,,1963
Galeomorphii,1,Sunda-Arafura shelves,,1963
Galeomorphii,1,Sunda-Arafura shelves,1980 - 1986,1963
Galeomorphii,1,Sunda-Arafura shelves,1980 - 1986,1963
Galeomorphii,1,Sunda-Arafura shelves,1980 - 1986,1963
Galeomorphii,1,Sunda-Arafura shelves,1980 - 1986,1963
Galeomorphii,1,Sunda-Arafura shelves,1980 - 1986,1963
Galeomorphii,1,Sunda-Arafura shelves,1980 - 1986,1963
Galeomorphii,1,Sunda-Arafura shelves,1980 - 1986,1963
Galeomorphii,1,Sunda-Arafura shelves,1980 - 1986,1963
Galeomorphii,1,Sunda-Arafura shelves,,1963
Galeomorphii,1,Sunda-Arafura shelves,,1963
Galeomorphii,1,Sunda-Arafura shelves,,1963
Galeomorphii,1,Sunda-Arafura shelves,,1963
Galeomorphii,1,Sunda-Arafura shelves,,1963
Galeomorphii,1,Sunda-Arafura shelves,1980 - 1986,1963
Galeomorphii,1,Sunda-Arafura shelves,1980 - 1986,1963
Galeomorphii,1,Sunda-Arafura shelves,1980 - 1986,1963
Galeomorphii,1,Sunda-Arafura shelves,1980 - 1986,1963
Galeomorphii,1,Sunda-Arafura shelves,1980 - 1986,1963
Galeomorphii,1,Sunda-Arafura shelves,,1963
Galeomorphii,1,Sunda-Arafura shelves,,1963
Galeomorphii,1,Sunda-Arafura shelves,,1963
Galeomorphii,1,Sunda-Arafura shelves,,1963
Galeomorphii,1,Sunda-Arafura shelves,1980 - 1986,1984
Galeomorphii,1,Sunda-Arafura shelves,1980 - 1986,1984
Galeomorphii,1,Sunda-Arafura shelves,1980 - 1986,1984
Galeomorphii,1,Sunda-Arafura shelves,,1984
Galeomorphii,1,Sunda-Arafura shelves,1980 - 1986,1984
Galeomorphii,1,Sunda-Arafura shelves,,1984
Galeomorphii,1,Sunda-Arafura shelves,1980 - 1986,1984
Galeomorphii,1,Sunda-Arafura shelves,1980 - 1986,1984
Galeomorphii,1,Sunda-Arafura shelves,1980 - 1986,1984
Galeomorphii,1,Sunda-Arafura shelves,1980 - 1986,1984
Galeomorphii,1,Sunda-Arafura shelves,1980 - 1986,1984
Galeomorphii,1,Sunda-Arafura shelves,1980 - 1986,1984
Galeomorphii,1,Sunda-Arafura shelves,1980 - 1986,1984
Galeomorphii,1,Sunda-Arafura shelves,1980 - 1986,1984
Galeomorphii,1,Sunda-Arafura shelves,1980 - 1986,1984
Galeomorphii,1,Sunda-Arafura shelves,1980-1987,1984
Galeomorphii,1,Sunda-Arafura shelves,1980-1987,1981
Galeomorphii,1,Sunda-Arafura shelves,1980-1987,1981
Galeomorphii,1,Sunda-Arafura shelves,1980-1987,1981
Galeomorphii,1,Sunda-Arafura shelves,1980-1987,1981
Galeomorphii,1,Sunda-Arafura shelves,1980 - 1987,1981
Galeomorphii,1,Sunda-Arafura shelves,1980 - 1987,1981
Galeomorphii,1,Sunda-Arafura shelves,1980 - 1987,1981
Galeomorphii,1,Sunda-Arafura shelves,1980 - 1987,1981
Galeomorphii,1,Sunda-Arafura shelves,1980 - 1987,1981
Galeomorphii,1,Sunda-Arafura shelves,1980 - 1987,1981
Galeomorphii,1,Sunda-Arafura shelves,1980 - 1987,1981
Galeomorphii,1,Sunda-Arafura shelves,1980 - 1987,1981
Galeomorphii,1,Sunda-Arafura shelves,1980-1987,1981
Galeomorphii,1,Sunda-Arafura shelves,1980-1987,1981
Galeomorphii,1,Sunda-Arafura shelves,1980-1987,1981
Galeomorphii,1,Sunda-Arafura shelves,1980-1987,1981
Galeomorphii,1,Sunda-Arafura shelves,1980-1987,1981
Galeomorphii,1,Sunda-Arafura shelves,1980 - 1987,1981
Galeomorphii,1,Sunda-Arafura shelves,1980 - 1987,1981
Galeomorphii,1,Sunda-Arafura shelves,1980 - 1987,1981
Galeomorphii,1,Sunda-Arafura shelves,1980 - 1987,1981
Galeomorphii,1,Sunda-Arafura shelves,1980-1987,1981
Galeomorphii,1,Sunda-Arafura shelves,1980-1987,1981
Galeomorphii,1,Sunda-Arafura shelves,1980 - 1987,1981
Galeomorphii,1,Sunda-Arafura shelves,1980-1987,1981
Galeomorphii,1,Sunda-Arafura shelves,1980 - 1987,1981
Galeomorphii,1,Sunda-Arafura shelves,1980-1987,1981
Galeomorphii,1,Sunda-Arafura shelves,1980 - 1987,1981
Galeomorphii,1,Sunda-Arafura shelves,1980-1987,1981
Galeomorphii,1,Sunda-Arafura shelves,1980-1987,1981
Galeomorphii,1,Sunda-Arafura shelves,1980-1987,2002
Galeomorphii,1,Sunda-Arafura shelves,1980-1987,2002
Galeomorphii,1,Sunda-Arafura shelves,1980 - 1987,2002
Galeomorphii,1,Sunda-Arafura shelves,1980 - 1987,2002
Galeomorphii,1,Sunda-Arafura shelves,1980 - 1987,2002
Galeomorphii,1,Sunda-Arafura shelves,1980 - 1987,2002
Galeomorphii,1,East Australian coast,2004 - 2007,2002
Galeomorphii,1,East Australian coast,2004 - 2007,2002
Galeomorphii,1,East Australian coast,2004 - 2007,2002
Galeomorphii,1,East Australian coast,2004 - 2007,2002
Galeomorphii,1,East Australian coast,2004 - 2007,2002
Galeomorphii,1,East Australian coast,2004 - 2007,2002
Galeomorphii,1,East Australian coast,2004 - 2007,2002
Galeomorphii,1,East Australian coast,2004 - 2007,2002
Galeomorphii,1,East Australian coast,2004 - 2007,2002
Galeomorphii,1,East Australian coast,2004 - 2007,2002
Galeomorphii,1,East Australian coast,2004 - 2007,2002
Galeomorphii,1,East Australian coast,2004 - 2007,2002
Galeomorphii,1,East Australian coast,2004 - 2007,2002
Galeomorphii,1,East Australian coast,2004 - 2007,2002
Galeomorphii,1,East Australian coast,2004 - 2007,2002
Galeomorphii,1,East Australian coast,2004 - 2007,2002
Galeomorphii,1,East Australian coast,2004 - 2007,2002
Galeomorphii,1,East Australian coast,2004 - 2007,2002
Galeomorphii,1,East Australian coast,2004 - 2007,2002
Galeomorphii,1,Central American coast,1994-1996,2002
Galeomorphii,1,Central American coast,1994-1996,2002
Galeomorphii,1,Central American coast,1994-1996,2002
Galeomorphii,1,Central American coast,1994-1996,2002
Galeomorphii,1,Central American coast,1994-1996,2002
Galeomorphii,1,Central American coast,1994-1996,2002
Galeomorphii,1,Central American coast,1994-1996,2002
Galeomorphii,1,Central American coast,1994-1996,2002
Galeomorphii,1,Central American coast,1994-1996,2000
Galeomorphii,1,Central American coast,1994-1996,2000
Galeomorphii,1,Caribbean,1993-1994,2000
Galeomorphii,1,Caribbean,1993-1994,2000
Galeomorphii,1,Caribbean,1993-1994,2000
Galeomorphii,1,Caribbean,1993-1994,2000
Galeomorphii,1,Caribbean,1993-1994,2000
Galeomorphii,1,Caribbean,1994-1998,2000
Galeomorphii,1,Caribbean,1994-1998,2000
Galeomorphii,1,Caribbean,1994-1998,2000
Galeomorphii,1,Caribbean,1994-1998,2000
Galeomorphii,1,Caribbean,1994-1998,2000
Galeomorphii,1,Caribbean,1994-1998,2000
Galeomorphii,1,Caribbean,1994-1998,2000
Galeomorphii,1,Caribbean,1994-1998,2000
Galeomorphii,1,Caribbean,1994-1998,2000
Galeomorphii,1,Caribbean,1994-1998,2000
Galeomorphii,1,Caribbean,1994-1998,2000
Galeomorphii,1,Caribbean,1994-1998,2000
Galeomorphii,1,Central American coast,2010,2000
Galeomorphii,1,Central American coast,2010,2000
Galeomorphii,1,Caribbean,1994-1998/2011-2012,2000
Galeomorphii,1,Caribbean,1994-1998/2011-2012,2000
Galeomorphii,1,Caribbean,1994-1998/2011-2012,2000
Galeomorphii,1,Caribbean,1994-1998/2011-2012,2000
Galeomorphii,1,Caribbean,1994-1998/2011-2012,2000
Galeomorphii,1,Caribbean,1994-1998/2011-2012,2000
Galeomorphii,1,Caribbean,1993-1994,2000
Galeomorphii,1,Caribbean,1993-1994,2000
Galeomorphii,1,Caribbean,1993-1994,2000
Galeomorphii,1,Caribbean,1993-1994,2000
Galeomorphii,1,Caribbean,1993-1994,2000
Galeomorphii,1,Caribbean,1993-1994,2000
Galeomorphii,1,Caribbean,1993-1994,2000
Galeomorphii,1,Caribbean,1981-1986,2000
Galeomorphii,1,Caribbean,1981-1986,2000
Galeomorphii,1,Caribbean,1981-1986,2000
Galeomorphii,1,Caribbean,1981-1986,2000
Galeomorphii,1,Caribbean,1981-1986,2000
Galeomorphii,1,Caribbean,1981-1986,2000
Galeomorphii,1,Caribbean,1981-1986,2000
Galeomorphii,1,Caribbean,1981-1986,2000
Galeomorphii,1,Caribbean,1981-1986,2000
Galeomorphii,1,Caribbean,1981-1986,2000
Galeomorphii,1,Caribbean,1981-1986,2000
Galeomorphii,1,Caribbean,1981-1986,1966
Galeomorphii,1,Caribbean,1981-1986,1966
Galeomorphii,1,Caribbean,1981-1986,1966
Galeomorphii,1,Caribbean,1981-1986,1966
Galeomorphii,1,Caribbean,1981-1986,1966
Galeomorphii,1,Caribbean,1981-1986,1966
Galeomorphii,1,Caribbean,1981-1986,1966
Galeomorphii,1,Caribbean,1981-1986,1966
Galeomorphii,1,Caribbean,1981-1986,1966
Galeomorphii,1,Caribbean,1981-1986,1966
Galeomorphii,1,Caribbean,1981-1986,1966
Galeomorphii,1,Caribbean,1981-1986,1966
Galeomorphii,1,Caribbean,1981-1986,1966
Galeomorphii,1,Caribbean,1981-1986,1966
Galeomorphii,1,Caribbean,1981-1986,1966
Galeomorphii,1,Caribbean,1981-1986,1966
Galeomorphii,1,Caribbean,1981-1986,1966
Galeomorphii,1,Caribbean,1981-1986,1966
Galeomorphii,1,Caribbean,1981-1986,1966
Galeomorphii,1,Caribbean,1981-1986,1966
Galeomorphii,1,Caribbean,1981-1986,2001
Galeomorphii,1,Caribbean,1981-1986,2001
Galeomorphii,1,Caribbean,1981-1986,2001
Galeomorphii,1,Caribbean,1981-1986,2001
Galeomorphii,1,Caribbean,1981-1986,2001
Galeomorphii,1,Caribbean,1981-1986,2001
Galeomorphii,1,Caribbean,1981-1986,2001
Galeomorphii,1,Caribbean,1981-1986,2001
Galeomorphii,1,Caribbean,1981-1986,2001
Galeomorphii,1,Caribbean,1981-1986,2001
Galeomorphii,1,Caribbean,1981-1986,2001
Galeomorphii,1,Caribbean,1981-1986,2001
Galeomorphii,1,Caribbean,1981-1986,2001
Galeomorphii,1,Caribbean,1981-1986,2001
Galeomorphii,1,Caribbean,1981-1986,2001
Galeomorphii,1,Caribbean,1981-1986,2001
Galeomorphii,1,Caribbean,1981-1986,2001
Galeomorphii,1,Caribbean,1981-1986,2001
Galeomorphii,1,Caribbean,1981-1986,2001
Galeomorphii,1,Caribbean,1981-1986,2001
Galeomorphii,1,Caribbean,1981-1986,2001
Galeomorphii,1,Caribbean,1981-1986,2001
Galeomorphii,1,Caribbean,1981-1986,2001
Galeomorphii,1,Caribbean,1981-1986,2001
Galeomorphii,1,Caribbean,1981-1986,2001
Galeomorphii,1,Caribbean,1981-1986,2001
Galeomorphii,1,Caribbean,1981-1986,2001
Galeomorphii,1,Caribbean,1981-1986,2001
Galeomorphii,1,Caribbean,1981-1986,2001
Galeomorphii,1,Caribbean,1981-1986,2001
Galeomorphii,1,Caribbean,1981-1986,2001
Galeomorphii,1,Caribbean,1981-1986,2001
Galeomorphii,1,Caribbean,1981-1986,2001
Galeomorphii,1,Caribbean,1981-1986,2001
Galeomorphii,1,Caribbean,1981-1986,2001
Galeomorphii,1,Caribbean,1981-1986,2001
Galeomorphii,1,Sunda-Arafura shelves,2001-2006,2002
Galeomorphii,1,Sunda-Arafura shelves,2001-2006,2002
Galeomorphii,1,Sunda-Arafura shelves,2001-2006,2002
Galeomorphii,1,Sunda-Arafura shelves,2001-2006,2002
Galeomorphii,1,Sunda-Arafura shelves,2001-2006,2002
Galeomorphii,1,Sunda-Arafura shelves,2001-2006,2002
Galeomorphii,1,Sunda-Arafura shelves,2001-2006,2002
Galeomorphii,1,Sunda-Arafura shelves,2001-2006,2002
Galeomorphii,1,Sunda-Arafura shelves,2001-2006,2002
Galeomorphii,1,Sunda-Arafura shelves,2001-2006,2002
Galeomorphii,1,Sunda-Arafura shelves,2001-2006,2002
Galeomorphii,1,Sunda-Arafura shelves,2001-2006,2002
Galeomorphii,1,Sunda-Arafura shelves,2001-2006,2002
Galeomorphii,1,Caribbean,1993-1994,2002
Galeomorphii,1,Caribbean,1993-1994,2002
Galeomorphii,1,Central American coast,2004-2006,2002
Galeomorphii,1,Central American coast,2004-2006,2002
Galeomorphii,1,Central American coast,2004-2006,2002
Galeomorphii,1,Central American coast,2004-2006,2002
Galeomorphii,1,Central American coast,2004-2006,2002
Galeomorphii,1,Central American coast,2004-2006,2002
Galeomorphii,1,Central American coast,2005,2002
Galeomorphii,1,Central American coast,2005,2009
Galeomorphii,1,Central American coast,2005,2009
Galeomorphii,1,Central American coast,2005,2009
Galeomorphii,1,Central American coast,2005,2009
Galeomorphii,1,Central American coast,2005,2009
Galeomorphii,1,Central American coast,2005,2009
Galeomorphii,1,Central American coast,2005,2009
Galeomorphii,1,Central American coast,2005,2009
Galeomorphii,1,Central American coast,2005,2009
Galeomorphii,1,Central American coast,2005,2009
Galeomorphii,1,Caribbean,2001-2010,2009
Galeomorphii,1,Caribbean,2001-2010,2009
Galeomorphii,1,Caribbean,2001-2010,2009
Galeomorphii,1,Caribbean,2001-2010,2009
Galeomorphii,1,Caribbean,2001-2010,2009
Galeomorphii,1,Caribbean,2001-2010,2009
Galeomorphii,1,Caribbean,2001-2010,2009
Galeomorphii,1,Caribbean,2001-2010,2009
Galeomorphii,1,Caribbean,2001-2010,2009
Galeomorphii,1,Caribbean,2001-2010,2009
Galeomorphii,1,Caribbean,2001-2010,2009
Galeomorphii,1,Caribbean,2001-2010,2009
Galeomorphii,1,Caribbean,2001-2010,2009
Galeomorphii,1,Caribbean,2001-2010,2009
Galeomorphii,1,Caribbean,2001-2010,2009
Galeomorphii,1,Caribbean,2001-2010,2009
Galeomorphii,1,Caribbean,2001-2010,2009
Galeomorphii,1,Caribbean,2001-2010,2009
,1,,,
,1,,,
,1,,,
,1,,,
,1,,,
,1,,,
,1,,,
,1,,,
,1,,,
,1,,,
,1,,,
,1,,,
,1,,,
,1,,,
,1,,,
,1,,,
,1,,,
,1,,,
,1,,,
,1,,,
,1,,,
,1,,,
,1,,,
,1,,,
,1,,,
,1,,,
,1,,,
,1,,,
,1,,,
,1,,,
,1,,,
,1,,,
,1,,,
,1,,,
,1,,,
,1,,,
,1,,,
,1,,,
,1,,,
,1,,,
,1,,,
,1,,,
,1,,,
,1,,,
,1,,,
,1,,,
,1,,,
,1,,,
,1,,,
,1,,,
,1,,,
,1,,,
,1,,,
,1,,,
,1,,,
,1,,,
,1,,,
,1,,,
,1,,,
,1,,,
,1,,,
,1,,,
Galeomorphii,1,East Australian coast,2014-2015,
Galeomorphii,1,East Australian coast,2014-2015,
Galeomorphii,1,East Australian coast,2014-2015,
Galeomorphii,1,East Australian coast,2014-2015,
Galeomorphii,1,East Australian coast,2014-2015,
Galeomorphii,1,East Australian coast,2014-2015,
Galeomorphii,1,East Australian coast,2014-2015,
Galeomorphii,1,East Australian coast,2014-2015,
Galeomorphii,1,East Australian coast,2014-2015,
Galeomorphii,1,East Australian coast,2014-2015,
Galeomorphii,1,East Australian coast,2014-2015,
Galeomorphii,1,East Australian coast,2014-2015,
Galeomorphii,1,East Australian coast,2014-2015,
Galeomorphii,1,East Australian coast,2014-2015,
Galeomorphii,1,East Australian coast,2014-2015,
Galeomorphii,1,East Australian coast,2014-2015,
Galeomorphii,1,East Australian coast,2014-2015,
Galeomorphii,1,East Australian coast,2014-2015,
Galeomorphii,1,East Australian coast,2014-2015,
Galeomorphii,1,East Australian coast,2014-2015,
Galeomorphii,1,East Australian coast,2014-2015,
Galeomorphii,1,East Australian coast,2014-2015,
Galeomorphii,1,East Australian coast,2014-2015,
Galeomorphii,1,East Australian coast,2014-2015,
Galeomorphii,1,East Australian coast,2014-2015,
Galeomorphii,1,East Australian coast,2014-2015,
Galeomorphii,1,East Australian coast,2014-2015,
Galeomorphii,1,East Australian coast,2014-2015,
,1,,,
,1,,,
,1,,,
,1,,,
,1,,,
,1,,,
,1,,,
,1,,,
,1,,,
,1,,,
,1,,,
,1,,,
,1,,,
,1,,,
,1,,,
,1,,,
,1,,,
,1,,,
,1,,,
,1,,,
Galeomorphii,1,East Australian coast,2014-2015,
Galeomorphii,1,East Australian coast,2014-2015,
,1,,,
,1,,,
,1,,,
,1,,,
,1,,,
,1,,,
,1,,,
,1,,,
,1,,,
,1,,,
,1,,,
,1,,,
,1,,,
,1,,,
,1,,,
,1,,,
,1,,,
,1,,,
,1,,,
,1,,,
,1,,,
Galeomorphii,1,East Australian coast,2014-2015,
Galeomorphii,1,East Australian coast,2014-2015,
,1,,,
,1,,,
,1,,,
,1,,,
,1,,,
,1,,,
,1,,,
,1,,,
,1,,,
Galeomorphii,1,Southwest Atlantic shelves,1998-2001,
Galeomorphii,1,Southwest Atlantic shelves,1998-2001,
Galeomorphii,1,Southwest Atlantic shelves,1998-2001,
Galeomorphii,1,Southwest Atlantic shelves,1998-2001,
Galeomorphii,1,Southwest Atlantic shelves,1998-2001,
Galeomorphii,1,Southwest Atlantic shelves,1998-2001,
Galeomorphii,1,Southwest Atlantic shelves,1998-2001,
Galeomorphii,1,Southwest Atlantic shelves,1998-2001,
Galeomorphii,1,Southwest Atlantic shelves,1998-2001,
Galeomorphii,1,Southwest Atlantic shelves,1998-2001,
Galeomorphii,1,North Pacific Tropical gyre,1967-1969,
Galeomorphii,1,North Pacific Tropical gyre,1967-1969,
Galeomorphii,1,North Pacific Tropical gyre,1967-1969,
Galeomorphii,1,North Pacific Tropical gyre,1967-1969,
Galeomorphii,1,North Pacific Tropical gyre,1967-1969,
Galeomorphii,1,North Pacific Tropical gyre,1967-1969,
Galeomorphii,1,North Pacific Tropical gyre,1967-1969,
Galeomorphii,1,North Pacific Tropical gyre,1967-1969,
Galeomorphii,1,North Pacific Tropical gyre,1967-1969,
Galeomorphii,1,North Pacific Tropical gyre,1967-1969,
Galeomorphii,1,North Pacific Tropical gyre,1967-1969,
Galeomorphii,1,North Pacific Tropical gyre,1967-1969,
Galeomorphii,1,North Pacific Tropical gyre,1967-1969,
Galeomorphii,1,North Pacific Tropical gyre,1967-1969,
Galeomorphii,1,North Pacific Tropical gyre,1967-1969,
Galeomorphii,1,North Pacific Tropical gyre,1967-1969,
Galeomorphii,1,Kuroshio current,2008-2009,
Galeomorphii,1,Kuroshio current,2008-2009,
Galeomorphii,1,Kuroshio current,2008-2010,
Galeomorphii,1,Kuroshio current,2008-2011,
Galeomorphii,1,Kuroshio current,2008-2012,
Galeomorphii,1,Caribbean,1995-1999,
Galeomorphii,1,Caribbean,2011-2013,
Galeomorphii,1,Caribbean,2011-2013,
Galeomorphii,1,Caribbean,2011-2013,
Galeomorphii,1,Caribbean,2011-2013,
Galeomorphii,1,Caribbean,2011-2013,
Galeomorphii,1,Caribbean,2011-2013,
Galeomorphii,1,Caribbean,2001-2002,
Galeomorphii,1,Caribbean,2001-2002,
Galeomorphii,1,Caribbean,2001-2002,
Galeomorphii,1,Caribbean,2001-2002,
Galeomorphii,1,Caribbean,2001-2002,
Galeomorphii,1,Caribbean,2001-2002,
Galeomorphii,1,Caribbean,2001-2002,
Galeomorphii,1,Caribbean,2001-2002,
Galeomorphii,1,Caribbean,2001-2002,
Galeomorphii,1,Caribbean,2001-2002,
Galeomorphii,1,Caribbean,2001-2002,
Galeomorphii,1,Caribbean,2001-2002,
Galeomorphii,1,Caribbean,2001-2002,
Galeomorphii,1,Caribbean,2001-2002,
Galeomorphii,1,Caribbean,2001-2002,
Galeomorphii,1,Western Australian and Indonesian coast,2001-2006,
Galeomorphii,1,Western Australian and Indonesian coast,2001-2006,
Galeomorphii,1,Western Australian and Indonesian coast,2001-2006,
Galeomorphii,1,Western Australian and Indonesian coast,2001-2006,
Galeomorphii,1,Western Australian and Indonesian coast,2001-2006,
Galeomorphii,1,Western Australian and Indonesian coast,2001-2006,
Galeomorphii,1,Western Australian and Indonesian coast,2001-2006,
Galeomorphii,1,Western Australian and Indonesian coast,2001-2006,
Galeomorphii,1,Western Australian and Indonesian coast,2001-2006,
Galeomorphii,1,Western Australian and Indonesian coast,2001-2006,
Galeomorphii,1,Western Australian and Indonesian coast,2001-2006,
Galeomorphii,1,Western Australian and Indonesian coast,2001-2006,
Galeomorphii,1,Western Australian and Indonesian coast,2001-2006,
Galeomorphii,1,Western Australian and Indonesian coast,2001-2006,
Galeomorphii,1,Western Australian and Indonesian coast,2001-2006,
Galeomorphii,1,Western Australian and Indonesian coast,2001-2006,
Galeomorphii,1,Western Australian and Indonesian coast,2001-2006,
Galeomorphii,1,Western Australian and Indonesian coast,2001-2006,
Galeomorphii,1,Western Australian and Indonesian coast,2001-2006,
Galeomorphii,1,Western Australian and Indonesian coast,2001-2006,
Galeomorphii,1,Western Australian and Indonesian coast,2001-2006,
Galeomorphii,1,Western Australian and Indonesian coast,2001-2006,
Galeomorphii,1,Western Australian and Indonesian coast,2001-2006,
Galeomorphii,1,Western Australian and Indonesian coast,2001-2006,
Galeomorphii,1,Western Australian and Indonesian coast,2001-2006,
Galeomorphii,1,Western Australian and Indonesian coast,2001-2006,
Galeomorphii,1,Western Australian and Indonesian coast,2001-2006,
Galeomorphii,1,Western Australian and Indonesian coast,2001-2006,
Galeomorphii,1,Western Australian and Indonesian coast,2001-2006,
Galeomorphii,1,Western Australian and Indonesian coast,2001-2006,
Galeomorphii,1,Western Australian and Indonesian coast,2001-2006,
Galeomorphii,1,Western Australian and Indonesian coast,2001-2006,
Galeomorphii,1,Western Australian and Indonesian coast,2001-2006,
Galeomorphii,1,Western Australian and Indonesian coast,2001-2006,
Galeomorphii,1,Western Australian and Indonesian coast,2001-2006,
Galeomorphii,1,Western Australian and Indonesian coast,2001-2006,
Galeomorphii,1,Western Australian and Indonesian coast,2001-2006,
Galeomorphii,1,Western Australian and Indonesian coast,2001-2006,
Galeomorphii,1,Western Australian and Indonesian coast,2001-2006,
Galeomorphii,1,Western Australian and Indonesian coast,2001-2006,
Galeomorphii,1,Western Australian and Indonesian coast,2001-2006,
Galeomorphii,1,Western Australian and Indonesian coast,2001-2006,
Galeomorphii,1,Western Australian and Indonesian coast,2001-2006,
Galeomorphii,1,Western Australian and Indonesian coast,2001-2006,
Galeomorphii,1,Western Australian and Indonesian coast,2001-2006,
Galeomorphii,1,Western Australian and Indonesian coast,2001-2006,
Galeomorphii,1,Western Australian and Indonesian coast,2001-2006,
Galeomorphii,1,Western Australian and Indonesian coast,2001-2006,
Galeomorphii,1,Western Australian and Indonesian coast,2001-2006,
Galeomorphii,1,Western Australian and Indonesian coast,2001-2006,
Galeomorphii,1,Western Australian and Indonesian coast,2001-2006,
Galeomorphii,1,Western Australian and Indonesian coast,2001-2006,
Galeomorphii,1,Western Australian and Indonesian coast,2001-2006,
Galeomorphii,1,Western Australian and Indonesian coast,2001-2006,
Galeomorphii,1,Western Australian and Indonesian coast,2001-2006,
Galeomorphii,1,Western Australian and Indonesian coast,2001-2006,
Galeomorphii,1,Western Australian and Indonesian coast,2001-2006,
Galeomorphii,1,Western Australian and Indonesian coast,2001-2006,
Galeomorphii,1,Western Australian and Indonesian coast,2001-2006,
Galeomorphii,1,Western Australian and Indonesian coast,2001-2006,
Galeomorphii,1,Western Australian and Indonesian coast,2001-2006,
Galeomorphii,1,Western Australian and Indonesian coast,2001-2006,
Galeomorphii,1,Western Australian and Indonesian coast,2001-2006,
Galeomorphii,1,Western Australian and Indonesian coast,2001-2006,
Galeomorphii,1,Western Australian and Indonesian coast,2001-2006,
Galeomorphii,1,Western Australian and Indonesian coast,2001-2006,
Galeomorphii,1,Western Australian and Indonesian coast,2001-2006,
Galeomorphii,1,Western Australian and Indonesian coast,2001-2006,
Galeomorphii,1,Western Australian and Indonesian coast,2001-2006,
Galeomorphii,1,Western Australian and Indonesian coast,2001-2006,
Galeomorphii,1,Western Australian and Indonesian coast,2001-2006,
Galeomorphii,1,Western Australian and Indonesian coast,2001-2006,
Galeomorphii,1,Western Australian and Indonesian coast,2001-2006,
Galeomorphii,1,Western Australian and Indonesian coast,2001-2006,
Galeomorphii,1,Western Australian and Indonesian coast,2001-2006,
Galeomorphii,1,Western Australian and Indonesian coast,2001-2006,
Galeomorphii,1,Western Australian and Indonesian coast,2001-2006,
Galeomorphii,1,Western Australian and Indonesian coast,2001-2006,
Galeomorphii,1,Western Australian and Indonesian coast,2001-2006,
Galeomorphii,1,Western Australian and Indonesian coast,2001-2006,
Galeomorphii,1,Western Australian and Indonesian coast,2001-2006,
Galeomorphii,1,Western Australian and Indonesian coast,2001-2006,
Galeomorphii,1,Western Australian and Indonesian coast,2001-2006,
Galeomorphii,1,Western Australian and Indonesian coast,2001-2006,
Galeomorphii,1,Western Australian and Indonesian coast,2001-2006,
Galeomorphii,1,Western Australian and Indonesian coast,2001-2006,
Galeomorphii,1,Western Australian and Indonesian coast,2001-2006,
Galeomorphii,1,Western Australian and Indonesian coast,2001-2006,
Galeomorphii,1,Western Australian and Indonesian coast,2001-2006,
Galeomorphii,1,Western Australian and Indonesian coast,2001-2006,
Galeomorphii,1,Western Australian and Indonesian coast,2001-2006,
Galeomorphii,1,Western Australian and Indonesian coast,2001-2006,
Galeomorphii,1,Western Australian and Indonesian coast,2001-2006,
Galeomorphii,1,Western Australian and Indonesian coast,2001-2006,
Galeomorphii,1,Western Australian and Indonesian coast,2001-2006,
Galeomorphii,1,Western Australian and Indonesian coast,2001-2006,
Galeomorphii,1,Western Australian and Indonesian coast,2001-2006,
Galeomorphii,1,Western Australian and Indonesian coast,2001-2006,
Galeomorphii,1,Western Australian and Indonesian coast,2001-2006,
Galeomorphii,1,Western Australian and Indonesian coast,2001-2006,
Galeomorphii,1,Western Australian and Indonesian coast,2001-2006,
Galeomorphii,1,Western Australian and Indonesian coast,2001-2006,
Galeomorphii,1,Western Australian and Indonesian coast,2001-2006,
Galeomorphii,1,Western Australian and Indonesian coast,2001-2006,
Galeomorphii,1,Western Australian and Indonesian coast,2001-2006,
Galeomorphii,1,Western Australian and Indonesian coast,2001-2006,
Galeomorphii,1,Western Australian and Indonesian coast,2001-2006,
Galeomorphii,1,Western Australian and Indonesian coast,2001-2006,
Galeomorphii,1,Western Australian and Indonesian coast,2001-2006,
Galeomorphii,1,Western Australian and Indonesian coast,2001-2006,
Galeomorphii,1,Western Australian and Indonesian coast,2001-2006,
Galeomorphii,1,Western Australian and Indonesian coast,2001-2006,
Galeomorphii,1,Western Australian and Indonesian coast,2001-2006,
Galeomorphii,1,Western Australian and Indonesian coast,2001-2006,
Galeomorphii,1,Western Australian and Indonesian coast,2001-2006,
Galeomorphii,1,Western Australian and Indonesian coast,2001-2006,
Galeomorphii,1,Western Australian and Indonesian coast,2001-2006,
Galeomorphii,1,Western Australian and Indonesian coast,2001-2006,
Galeomorphii,1,Western Australian and Indonesian coast,2001-2006,
Galeomorphii,1,Western Australian and Indonesian coast,2001-2006,
Galeomorphii,1,Western Australian and Indonesian coast,2001-2006,
Galeomorphii,1,Western Australian and Indonesian coast,2001-2006,
Galeomorphii,1,Western Australian and Indonesian coast,2001-2006,
Galeomorphii,1,Western Australian and Indonesian coast,2001-2006,
Galeomorphii,1,Western Australian and Indonesian coast,2001-2006,
Galeomorphii,1,Western Australian and Indonesian coast,2001-2006,
Galeomorphii,1,Western Australian and Indonesian coast,2001-2006,
Galeomorphii,1,Western Australian and Indonesian coast,2001-2006,
Galeomorphii,1,Western Australian and Indonesian coast,2001-2006,
Galeomorphii,1,Western Australian and Indonesian coast,2001-2006,
Galeomorphii,1,Western Australian and Indonesian coast,2001-2006,
Galeomorphii,1,Western Australian and Indonesian coast,2001-2006,
Galeomorphii,1,Western Australian and Indonesian coast,2001-2006,
Galeomorphii,1,Western Australian and Indonesian coast,2001-2006,
Galeomorphii,1,Western Australian and Indonesian coast,2001-2006,
Galeomorphii,1,Western Australian and Indonesian coast,2001-2006,
Galeomorphii,1,Western Australian and Indonesian coast,2001-2006,
Galeomorphii,1,Western Australian and Indonesian coast,2001-2006,
Galeomorphii,1,Western Australian and Indonesian coast,2001-2006,
Galeomorphii,1,Western Australian and Indonesian coast,2001-2006,
Galeomorphii,1,Western Australian and Indonesian coast,2001-2006,
Galeomorphii,1,Western Australian and Indonesian coast,2001-2006,
Galeomorphii,1,Western Australian and Indonesian coast,2001-2006,
Galeomorphii,1,Western Australian and Indonesian coast,2001-2006,
Galeomorphii,1,Western Australian and Indonesian coast,2001-2006,
Galeomorphii,1,Western Australian and Indonesian coast,2001-2006,
Galeomorphii,1,Western Australian and Indonesian coast,2001-2006,
Galeomorphii,1,Western Australian and Indonesian coast,2001-2006,
Galeomorphii,1,Western Australian and Indonesian coast,2001-2006,
Galeomorphii,1,Western Australian and Indonesian coast,2001-2006,
Galeomorphii,1,Eastern India coast,2009,
Galeomorphii,1,Eastern India coast,2009,
Galeomorphii,1,Western Australian and Indonesian coast,2001-2006,
Galeomorphii,1,Western Australian and Indonesian coast,2001-2006,
Galeomorphii,1,Western Australian and Indonesian coast,2001-2006,
Galeomorphii,1,Western Australian and Indonesian coast,2001-2006,
Galeomorphii,1,Western Australian and Indonesian coast,2001-2006,
Galeomorphii,1,Western Australian and Indonesian coast,2001-2006,
Galeomorphii,1,Western Australian and Indonesian coast,2001-2006,
Galeomorphii,1,Western Australian and Indonesian coast,2001-2006,
Galeomorphii,1,Western Australian and Indonesian coast,2001-2006,
Galeomorphii,1,Western Australian and Indonesian coast,2001-2006,
Galeomorphii,1,Western Australian and Indonesian coast,2001-2006,
Galeomorphii,1,Western Australian and Indonesian coast,2001-2006,
Galeomorphii,1,Western Australian and Indonesian coast,2001-2006,
Galeomorphii,1,Western Australian and Indonesian coast,2001-2006,
Galeomorphii,1,Western Australian and Indonesian coast,2001-2006,
Galeomorphii,1,Western Australian and Indonesian coast,2001-2006,
Galeomorphii,1,Western Australian and Indonesian coast,2001-2006,
Galeomorphii,1,Western Australian and Indonesian coast,2001-2006,
Galeomorphii,1,Western Australian and Indonesian coast,2001-2006,
Galeomorphii,1,Western Australian and Indonesian coast,2001-2006,
Galeomorphii,1,Western Australian and Indonesian coast,2001-2006,
Galeomorphii,1,Western Australian and Indonesian coast,2001-2006,
Galeomorphii,1,Western Australian and Indonesian coast,2001-2006,
Galeomorphii,1,Western Australian and Indonesian coast,2001-2006,
Galeomorphii,1,Western Australian and Indonesian coast,2001-2006,
Galeomorphii,1,Western Australian and Indonesian coast,2001-2006,
Galeomorphii,1,Western Australian and Indonesian coast,2001-2006,
Galeomorphii,1,Western Australian and Indonesian coast,2001-2006,
Galeomorphii,1,Western Australian and Indonesian coast,2001-2006,
Galeomorphii,1,Western Australian and Indonesian coast,2001-2006,
Galeomorphii,1,Western Australian and Indonesian coast,2001-2006,
Galeomorphii,1,Western Australian and Indonesian coast,2001-2006,
Galeomorphii,1,Western Australian and Indonesian coast,2001-2006,
Galeomorphii,1,Western Australian and Indonesian coast,2001-2006,
Galeomorphii,1,Western Australian and Indonesian coast,2001-2006,
Galeomorphii,1,Western Australian and Indonesian coast,2001-2006,
Galeomorphii,1,Western Australian and Indonesian coast,2001-2006,
Galeomorphii,1,Western Australian and Indonesian coast,2001-2006,
Galeomorphii,1,Western Australian and Indonesian coast,2001-2006,
Galeomorphii,1,Western Australian and Indonesian coast,2001-2006,
Galeomorphii,1,Western Australian and Indonesian coast,2001-2006,
Galeomorphii,1,Western Australian and Indonesian coast,2001-2006,
Galeomorphii,1,Western Australian and Indonesian coast,2001-2006,
Galeomorphii,1,Western Australian and Indonesian coast,2001-2006,
Galeomorphii,1,Western Australian and Indonesian coast,2001-2006,
Galeomorphii,1,Western Australian and Indonesian coast,2001-2006,
Galeomorphii,1,Western Australian and Indonesian coast,2001-2006,
Galeomorphii,1,Western Australian and Indonesian coast,2001-2006,
Galeomorphii,1,Western Australian and Indonesian coast,2001-2006,
Galeomorphii,1,Western Australian and Indonesian coast,2001-2006,
Galeomorphii,1,Western Australian and Indonesian coast,2001-2006,
Galeomorphii,1,Western Australian and Indonesian coast,2001-2006,
Galeomorphii,1,Western Australian and Indonesian coast,2001-2006,
Galeomorphii,1,Western Australian and Indonesian coast,2001-2006,
Galeomorphii,1,Western Australian and Indonesian coast,2001-2006,
Galeomorphii,1,Western Australian and Indonesian coast,2001-2006,
Galeomorphii,1,Western Australian and Indonesian coast,2001-2006,
Galeomorphii,1,Western Australian and Indonesian coast,2001-2006,
Galeomorphii,1,Western Australian and Indonesian coast,2001-2006,
Galeomorphii,1,Western Australian and Indonesian coast,2001-2006,
Galeomorphii,1,Western Australian and Indonesian coast,2001-2006,
Galeomorphii,1,Western Australian and Indonesian coast,2001-2006,
Galeomorphii,1,Western Australian and Indonesian coast,2001-2006,
Galeomorphii,1,Western Australian and Indonesian coast,2001-2006,
Galeomorphii,1,Western Australian and Indonesian coast,2001-2006,
Galeomorphii,1,Western Australian and Indonesian coast,2001-2006,
Galeomorphii,1,Western Australian and Indonesian coast,2001-2006,
Galeomorphii,1,North Pacific Tropical gyre,1968-1971,
Galeomorphii,1,North Pacific Tropical gyre,1968-1971,
Galeomorphii,1,North Pacific Tropical gyre,1968-1971,
Galeomorphii,1,North Pacific Tropical gyre,1968-1971,
Galeomorphii,1,North Pacific Tropical gyre,1951,
Galeomorphii,1,North Pacific Tropical gyre,1951,
Galeomorphii,1,North Pacific Tropical gyre,1951,
Galeomorphii,1,California current,2015,
Galeomorphii,1,California current,2015,
Galeomorphii,1,North Pacific Tropical gyre,2000-2008,
Galeomorphii,1,North Pacific Tropical gyre,2000-2008,
Galeomorphii,1,North Pacific Tropical gyre,1982,
Galeomorphii,1,North Pacific Tropical gyre,1982,
Galeomorphii,1,California current,2001-2003,
Galeomorphii,1,California current,2001-2003,
Galeomorphii,1,California current,2001-2003,
Galeomorphii,1,California current,2001-2003,
Galeomorphii,1,North Pacific Tropical gyre,1967-1969,
Galeomorphii,1,North Pacific Tropical gyre,1967-1969,
Galeomorphii,1,North Pacific Tropical gyre,1967-1969,
Galeomorphii,1,North Pacific Tropical gyre,1967-1969,
Galeomorphii,1,North Pacific Tropical gyre,1967-1969,
Galeomorphii,1,North Pacific Tropical gyre,1967-1969,
Galeomorphii,1,North Pacific Tropical gyre,1967-1969,
Galeomorphii,1,North Pacific Tropical gyre,1967-1969,
Galeomorphii,1,North Pacific Tropical gyre,1967-1969,
Galeomorphii,1,North Pacific Tropical gyre,1967-1969,
Galeomorphii,1,North Pacific Tropical gyre,1967-1969,
Galeomorphii,1,North Pacific Tropical gyre,1967-1969,
Galeomorphii,1,North Pacific Tropical gyre,1967-1969,
Galeomorphii,1,North Pacific Tropical gyre,1967-1969,
Galeomorphii,1,North Pacific Tropical gyre,1967-1969,
Galeomorphii,1,North Pacific Tropical gyre,1967-1969,
Galeomorphii,1,North Pacific Tropical gyre,1967-1969,
Galeomorphii,1,North Pacific Tropical gyre,1967-1969,
Galeomorphii,1,North Pacific Tropical gyre,1967-1969,
Galeomorphii,1,North Pacific Tropical gyre,1967-1969,
Galeomorphii,1,North Pacific Tropical gyre,1967-1969,
Galeomorphii,1,North Pacific Tropical gyre,1967-1969,
Galeomorphii,1,North Pacific Tropical gyre,1967-1969,
Galeomorphii,1,Sunda-Arafura shelves,,
Galeomorphii,1,Sunda-Arafura shelves,,
Galeomorphii,1,Sunda-Arafura shelves,1937,
Galeomorphii,1,Sunda-Arafura shelves,,
Galeomorphii,1,Sunda-Arafura shelves,,
Galeomorphii,1,Sunda-Arafura shelves,,
Galeomorphii,1,Sunda-Arafura shelves,,
Galeomorphii,1,Sunda-Arafura shelves,,
Galeomorphii,1,Sunda-Arafura shelves,2003-2008(?),
Galeomorphii,1,Sunda-Arafura shelves,2003-2008(?),
Galeomorphii,1,Sunda-Arafura shelves,2003-2008(?),
Galeomorphii,1,Sunda-Arafura shelves,2003-2008(?),
Galeomorphii,1,Sunda-Arafura shelves,,
Galeomorphii,1,Sunda-Arafura shelves,,
Galeomorphii,1,Guianas coast,2015,
Galeomorphii,1,Guianas coast,2015,
Galeomorphii,1,Mediterranean Sea,1878,
Galeomorphii,1,Mediterranean Sea,1878,
Galeomorphii,1,Mediterranean Sea,2004,
Galeomorphii,1,Sunda-Arafura shelves,2012,
Galeomorphii,1,Sunda-Arafura shelves,2012,
Galeomorphii,1,East Australian coast,2007-2013,
Galeomorphii,1,East Australian coast,2007-2013,
Galeomorphii,1,East Australian coast,2007-2013,
Galeomorphii,1,East Australian coast,2007-2013,
Galeomorphii,1,East Australian coast,2007-2013,
Galeomorphii,1,East Australian coast,2007-2013,
Galeomorphii,1,East Australian coast,2007-2013,
Galeomorphii,1,East Australian coast,2007-2013,
Galeomorphii,1,East Australian coast,2007-2013,
Galeomorphii,1,East Australian coast,2007-2013,
Galeomorphii,1,East Australian coast,2007-2013,
Galeomorphii,1,East Australian coast,2007-2013,
Galeomorphii,1,East Australian coast,2007-2013,
Galeomorphii,1,East Australian coast,2007-2013,
Galeomorphii,1,East Australian coast,2007-2013,
Galeomorphii,1,East Australian coast,2007-2013,
Galeomorphii,1,East Australian coast,2007-2013,
Galeomorphii,1,East Australian coast,2007-2013,
Galeomorphii,1,East Australian coast,2007-2013,
Galeomorphii,1,East Australian coast,2007-2013,
Galeomorphii,1,East Australian coast,2007-2013,
Galeomorphii,1,East Australian coast,2007-2013,
Galeomorphii,1,East Australian coast,2007-2013,
Galeomorphii,1,East Australian coast,2007-2013,
Galeomorphii,1,East Australian coast,2007-2013,
Galeomorphii,1,East Australian coast,2007-2013,
Galeomorphii,1,East Australian coast,2007-2013,
Galeomorphii,1,East Australian coast,2007-2013,
Galeomorphii,1,East Australian coast,2007-2013,
Galeomorphii,1,East Australian coast,2007-2013,
Galeomorphii,1,East Australian coast,2007-2013,
Galeomorphii,1,East Australian coast,2007-2013,
Galeomorphii,1,East Australian coast,2007-2013,
Galeomorphii,1,East Australian coast,2007-2013,
Galeomorphii,1,East Australian coast,2007-2013,
Galeomorphii,1,East Australian coast,2007-2013,
Galeomorphii,1,East Australian coast,2007-2013,
Galeomorphii,1,East Australian coast,2007-2013,
Galeomorphii,1,East Australian coast,2007-2013,
Galeomorphii,1,East Australian coast,2007-2013,
Galeomorphii,1,East Australian coast,2007-2013,
Galeomorphii,1,East Australian coast,2007-2013,
Galeomorphii,1,East Australian coast,2007-2013,
Galeomorphii,1,East Australian coast,2007-2013,
Galeomorphii,1,East Australian coast,2007-2013,
Galeomorphii,1,East Australian coast,2007-2013,
Galeomorphii,1,East Australian coast,2007-2013,
Galeomorphii,1,East Australian coast,2007-2013,
Galeomorphii,1,East Australian coast,2007-2013,
Galeomorphii,1,East Australian coast,2007-2013,
Galeomorphii,1,East Australian coast,2007-2013,
Galeomorphii,1,East Australian coast,2007-2013,
Galeomorphii,1,East Australian coast,2007-2013,
Galeomorphii,1,East Australian coast,2007-2013,
Galeomorphii,1,East Australian coast,2007-2013,
Galeomorphii,1,East Australian coast,2007-2013,
Galeomorphii,1,East Australian coast,2007-2013,
Galeomorphii,1,East Australian coast,2007-2013,
Galeomorphii,1,East Australian coast,2007-2013,
Galeomorphii,1,East Australian coast,2007-2013,
Galeomorphii,1,East Australian coast,2007-2013,
Galeomorphii,1,East Australian coast,2007-2013,
Galeomorphii,1,East Australian coast,2007-2013,
Galeomorphii,1,East Australian coast,2007-2013,
Galeomorphii,1,East Australian coast,2007-2013,
Galeomorphii,1,East Australian coast,2007-2013,
Galeomorphii,1,East Australian coast,2007-2013,
Galeomorphii,1,East Australian coast,2007-2013,
Galeomorphii,1,East Australian coast,2007-2013,
Galeomorphii,1,East Australian coast,2007-2013,
Galeomorphii,1,East Australian coast,2007-2013,
Galeomorphii,1,East Australian coast,2007-2013,
Galeomorphii,1,East Australian coast,2007-2013,
Galeomorphii,1,East Australian coast,2007-2013,
Galeomorphii,1,East Australian coast,2007-2013,
Galeomorphii,1,East Australian coast,2007-2013,
Galeomorphii,1,East Australian coast,2007-2013,
Galeomorphii,1,East Australian coast,2007-2013,
Galeomorphii,1,East Australian coast,2007-2013,
Galeomorphii,1,East Australian coast,2007-2013,
Galeomorphii,1,East Australian coast,2007-2013,
Galeomorphii,1,East Australian coast,2007-2013,
Galeomorphii,1,East Australian coast,2007-2013,
Galeomorphii,1,East Australian coast,2007-2013,
Galeomorphii,1,East Australian coast,2007-2013,
Galeomorphii,1,East Australian coast,2007-2013,
Galeomorphii,1,East Australian coast,2007-2013,
Galeomorphii,1,East Australian coast,2007-2013,
Galeomorphii,1,East Australian coast,2007-2013,
Galeomorphii,1,East Australian coast,2007-2013,
Galeomorphii,1,East Australian coast,2007-2013,
Galeomorphii,1,East Australian coast,2007-2013,
Galeomorphii,1,East Australian coast,2007-2013,
Galeomorphii,1,East Australian coast,2007-2013,
Galeomorphii,1,East Australian coast,2007-2013,
Galeomorphii,1,East Australian coast,2007-2013,
Galeomorphii,1,East Australian coast,2007-2013,
Galeomorphii,1,East Australian coast,2007-2013,
Galeomorphii,1,East Australian coast,2007-2013,
Galeomorphii,1,East Australian coast,2007-2013,
Galeomorphii,1,East Australian coast,2007-2013,
Galeomorphii,1,East Australian coast,2007-2013,
Galeomorphii,1,East Australian coast,2007-2013,
Galeomorphii,1,East Australian coast,2007-2013,
Galeomorphii,1,East Australian coast,2007-2013,
Galeomorphii,1,East Australian coast,2007-2013,
Galeomorphii,1,East Australian coast,2007-2013,
Galeomorphii,1,East Australian coast,2007-2013,
Galeomorphii,1,East Australian coast,2007-2013,
Galeomorphii,1,East Australian coast,2007-2013,
Galeomorphii,1,East Australian coast,2007-2013,
Galeomorphii,1,East Australian coast,2007-2013,
Galeomorphii,1,East Australian coast,2007-2013,
Galeomorphii,1,East Australian coast,2007-2013,
Galeomorphii,1,East Australian coast,2007-2013,
Galeomorphii,1,East Australian coast,2007-2013,
,,,,
,,,,
,,,,
,,,,
,,,,
,,,,
,,,,
,,,,
,,,,
,,,,
,,,,
,,,,
,,,,
,,,,
,,,,
,,,,
,,,,
,,,,
,,,,
,,,,
,,,,
,,,,
,,,,
,,,,
,,,,
,,,,
,,,,
,,,,
,,,,
,,,,
,,,,
,,,,
,,,,
,,,,
,,,,
,,,,
,,,,
,,,,
,,,,
,,,,
,,,,
,,,,
,,,,
,,,,
,,,,
,,,,
,,,,
,,,,
,,,,
,,,,
,,,,
,,,,
,,,,
,,,,
,,,,
,,,,
,,,,
,,,,
,,,,
,,,,
,,,,
Galeomorphii,,Caribbean,1979-1985,
Galeomorphii,,Caribbean,1979-1985,
Galeomorphii,,Caribbean,1979-1985,
Galeomorphii,,Caribbean,1979-1985,
Galeomorphii,,Caribbean,1979-1985,
Galeomorphii,,Caribbean,1979-1985,
Galeomorphii,,Caribbean,1979-1985,
Galeomorphii,,Caribbean,1979-1985,
Galeomorphii,,Caribbean,1979-1985,
Galeomorphii,,Caribbean,1979-1985,
Galeomorphii,,Caribbean,1979-1985,
Galeomorphii,,Caribbean,1979-1985,
Galeomorphii,,Caribbean,1979-1985,
Galeomorphii,,Caribbean,1979-1985,
Galeomorphii,,Caribbean,1979-1985,
Galeomorphii,,Caribbean,1979-1985,
Galeomorphii,,Caribbean,1979-1986,
Galeomorphii,,Caribbean,1979-1986,
Galeomorphii,,Caribbean,1979-1986,
Galeomorphii,,Caribbean,1979-1986,
Galeomorphii,,Caribbean,1979-1986,
Galeomorphii,,Caribbean,1979-1986,
Galeomorphii,,Caribbean,1979-1986,
Galeomorphii,,Caribbean,1979-1986,
Galeomorphii,,Caribbean,1979-1986,
Galeomorphii,,Caribbean,1979-1986,
Galeomorphii,,Caribbean,1979-1986,
Galeomorphii,,Caribbean,1979-1986,
Galeomorphii,,Caribbean,1979-1986,
Galeomorphii,,Caribbean,1979-1986,
Galeomorphii,,Caribbean,1979-1986,
Galeomorphii,,Caribbean,1979-1986,
Galeomorphii,,Caribbean,1979-1986,
Galeomorphii,,East Australian coast,1986-1990,
Galeomorphii,,East Australian coast,1986-1990,
Galeomorphii,,East Australian coast,1986-1990,
Galeomorphii,,East Australian coast,1986-1990,
Galeomorphii,,East Australian coast,1986-1990,
Galeomorphii,,East Australian coast,1986-1990,
Galeomorphii,,East Australian coast,1986-1990,
Galeomorphii,,East Australian coast,1986-1990,
Galeomorphii,,East Australian coast,1986-1990,
Galeomorphii,,East Australian coast,1986-1990,
Galeomorphii,,East Australian coast,1986-1990,
Galeomorphii,,East Australian coast,1986-1990,
Galeomorphii,,East Australian coast,1986-1990,
Galeomorphii,,East Australian coast,1986-1990,
Galeomorphii,,East Australian coast,1986-1990,
Galeomorphii,,East Australian coast,1986-1990,
Galeomorphii,,East Australian coast,1986-1990,
Galeomorphii,,East Australian coast,1986-1990,
Galeomorphii,,East Australian coast,1986-1990,
Galeomorphii,,East Australian coast,1986-1990,
Galeomorphii,,East Australian coast,1986-1990,
Galeomorphii,,East Australian coast,1986-1990,
Galeomorphii,,East Australian coast,1986-1990,
Galeomorphii,,East Australian coast,1986-1990,
Galeomorphii,,East Australian coast,1986-1990,
Galeomorphii,,East Australian coast,1986-1990,
Galeomorphii,,East Australian coast,1986-1990,
Galeomorphii,,East Australian coast,1986-1990,
Galeomorphii,,East Australian coast,1986-1990,
Galeomorphii,,East Australian coast,1986-1990,
Galeomorphii,,East Australian coast,1986-1990,
Galeomorphii,,Western Australian and Indonesian coast,1994-1996,
Galeomorphii,,Western Australian and Indonesian coast,1994-1996,
Galeomorphii,,Western Australian and Indonesian coast,1994-1996,
Galeomorphii,,Western Australian and Indonesian coast,1994-1996,
Galeomorphii,,Western Australian and Indonesian coast,1994-1996,
Galeomorphii,,Western Australian and Indonesian coast,1994-1996,
Galeomorphii,,Western Australian and Indonesian coast,1994-1996,
Galeomorphii,,Western Australian and Indonesian coast,1994-1996,
Galeomorphii,,Western Australian and Indonesian coast,1994-1996,
Galeomorphii,,Western Australian and Indonesian coast,1994-1996,
Galeomorphii,,Western Australian and Indonesian coast,1994-1996,
Galeomorphii,,Western Australian and Indonesian coast,1994-1996,
Galeomorphii,,Western Australian and Indonesian coast,1994-1996,
Galeomorphii,,Western Australian and Indonesian coast,1994-1996,
Galeomorphii,,Western Australian and Indonesian coast,1994-1996,
Galeomorphii,,Western Australian and Indonesian coast,1994-1996,
Galeomorphii,,Western Australian and Indonesian coast,1994-1996,
Galeomorphii,,Western Australian and Indonesian coast,1994-1996,
Galeomorphii,,Western Australian and Indonesian coast,1994-1996,
Galeomorphii,,Northwest Atlantic shelves,1963-1993,
Galeomorphii,,Northwest Atlantic shelves,1963-1993,
Galeomorphii,,Northwest Atlantic shelves,1963-1993,
Galeomorphii,,Northwest Atlantic shelves,1963-1993,
Galeomorphii,,Northwest Atlantic shelves,1963-1993,
Galeomorphii,,Northwest Atlantic shelves,1963-1993,
Galeomorphii,,Northwest Atlantic shelves,1963-1993,
Galeomorphii,,Northwest Atlantic shelves,1963-1993,
Galeomorphii,,Northwest Atlantic shelves,1963-1993,
Galeomorphii,,Northwest Atlantic shelves,1963-1993,
Galeomorphii,,Northwest Atlantic shelves,1963-1993,
Galeomorphii,,Northwest Atlantic shelves,1963-1993,
Galeomorphii,,Northwest Atlantic shelves,1963-1993,
Galeomorphii,,Northwest Atlantic shelves,1963-1993,
Galeomorphii,,Northwest Atlantic shelves,1963-1993,
Galeomorphii,,Northwest Atlantic shelves,1963-1993,
Galeomorphii,,Northwest Atlantic shelves,1963-1993,
Galeomorphii,,Northwest Atlantic shelves,1963-1993,
Galeomorphii,,Northwest Atlantic shelves,1963-1993,
Galeomorphii,,Northwest Atlantic shelves,1963-1993,
Galeomorphii,,Northwest Atlantic shelves,1963-1993,
Galeomorphii,,Northwest Atlantic shelves,1963-1993,
Galeomorphii,,Northwest Atlantic shelves,1963-1993,
Galeomorphii,,Northwest Atlantic shelves,1963-1993,
Galeomorphii,,Northwest Atlantic shelves,1963-1993,
Galeomorphii,,Northwest Atlantic shelves,1963-1993,
Galeomorphii,,Northwest Atlantic shelves,1963-1993,
Galeomorphii,,Northwest Atlantic shelves,1963-1993,
Galeomorphii,,Northwest Atlantic shelves,1963-1993,
Galeomorphii,,Northwest Atlantic shelves,1963-1993,
Galeomorphii,,Eastern India coast,1984-1988,
Galeomorphii,,Eastern India coast,1984-1988,
Galeomorphii,,Eastern India coast,1984-1988,
Galeomorphii,,Eastern India coast,1984-1988,
Galeomorphii,,Eastern India coast,1984-1988,
Galeomorphii,,Eastern India coast,1984-1988,
Galeomorphii,,Eastern India coast,1984-1988,
Galeomorphii,,Eastern India coast,1984-1988,
Galeomorphii,,Eastern India coast,1984-1988,
Galeomorphii,,Eastern India coast,1984-1988,
Galeomorphii,,Eastern India coast,1984-1988,
Galeomorphii,,Eastern India coast,1984-1988,
Galeomorphii,,Eastern India coast,1984-1988,
Galeomorphii,,Eastern India coast,1984-1988,
Galeomorphii,,Eastern India coast,1984-1988,
Galeomorphii,,Eastern India coast,1984-1988,
Galeomorphii,,Caribbean,1981-1985,
Galeomorphii,,Caribbean,1981-1985,
Galeomorphii,,Caribbean,1981-1985,
Galeomorphii,,Caribbean,1981-1985,
Galeomorphii,,Caribbean,1981-1985,
Galeomorphii,,Caribbean,1981-1985,
Galeomorphii,,Caribbean,1981-1985,
Galeomorphii,,Caribbean,1981-1985,
Galeomorphii,,Caribbean,1981-1985,
Galeomorphii,,Caribbean,1981-1985,
Galeomorphii,,Caribbean,1981-1985,
Galeomorphii,,Caribbean,1981-1985,
Galeomorphii,,Caribbean,1981-1985,
Galeomorphii,,Caribbean,1981-1985,
Galeomorphii,,Caribbean,1981-1985,
Galeomorphii,,Caribbean,1981-1985,
Galeomorphii,,Caribbean,1981-1985,
Galeomorphii,,Caribbean,1981-1985,
Galeomorphii,,Caribbean,1981-1985,
Galeomorphii,,Caribbean,1981-1985,
Galeomorphii,,Caribbean,1981-1985,
Galeomorphii,,Caribbean,1981-1985,
Galeomorphii,,Caribbean,1981-1985,
Galeomorphii,,Caribbean,1981-1985,
Galeomorphii,,Caribbean,1981-1985,
Galeomorphii,,Caribbean,1981-1985,
Galeomorphii,,Caribbean,1981-1985,
Galeomorphii,,Caribbean,1981-1985,
Galeomorphii,,Caribbean,1981-1985,
Galeomorphii,,Caribbean,1981-1985,
Galeomorphii,,China Sea,2002-2003,
Galeomorphii,,China Sea,2002-2003,
Galeomorphii,,China Sea,2002-2003,
Galeomorphii,,China Sea,2002-2003,
Galeomorphii,,China Sea,2002-2003,
Galeomorphii,,China Sea,2002-2003,
Galeomorphii,,China Sea,2002-2003,
Galeomorphii,,China Sea,2002-2003,
Galeomorphii,,China Sea,2002-2003,
Galeomorphii,,China Sea,2002-2003,
Galeomorphii,,China Sea,2002-2003,
Galeomorphii,,China Sea,2002-2003,
Galeomorphii,,China Sea,2002-2003,
Galeomorphii,,China Sea,2002-2003,
Galeomorphii,,China Sea,2002-2003,
Galeomorphii,,China Sea,2002-2003,
Galeomorphii,,China Sea,2002-2003,
Galeomorphii,,China Sea,2002-2003,
Galeomorphii,,China Sea,2002-2003,
Galeomorphii,,China Sea,2002-2003,
Galeomorphii,,China Sea,2002-2003,
Galeomorphii,,China Sea,2002-2003,
Galeomorphii,,China Sea,2002-2003,
Galeomorphii,,China Sea,2002-2003,
Galeomorphii,,China Sea,2002-2003,
Galeomorphii,,China Sea,2002-2003,
Galeomorphii,,China Sea,2002-2003,
Galeomorphii,,China Sea,2002-2003,
Galeomorphii,,China Sea,2002-2003,
Galeomorphii,,China Sea,2002-2003,
Galeomorphii,,China Sea,2002-2003,
Galeomorphii,,China Sea,2002-2003,
Galeomorphii,,China Sea,2002-2003,
Galeomorphii,,China Sea,2002-2003,
Galeomorphii,,China Sea,2002-2003,
Galeomorphii,,China Sea,2002-2003,
Galeomorphii,,Northwest Atlantic shelves,2000,
Galeomorphii,,Northwest Atlantic shelves,2000,
Galeomorphii,,Northwest Atlantic shelves,2000,
Galeomorphii,,Northwest Atlantic shelves,2000,
Galeomorphii,,Northwest Atlantic shelves,2000,
Galeomorphii,,Northwest Atlantic shelves,2000,
Galeomorphii,,Northwest Atlantic shelves,2000,
Galeomorphii,,Northwest Atlantic shelves,2000,
Galeomorphii,,Northwest Atlantic shelves,2000,
Galeomorphii,,Northwest Atlantic shelves,2000,
Galeomorphii,,Northwest Atlantic shelves,2000,
Galeomorphii,,China Sea,2000-2002,
Galeomorphii,,China Sea,2000-2002,
Galeomorphii,,China Sea,2000-2002,
Galeomorphii,,China Sea,2000-2002,
Galeomorphii,,China Sea,2000-2002,
Galeomorphii,,China Sea,2000-2002,
Galeomorphii,,China Sea,2000-2002,
Galeomorphii,,China Sea,2000-2002,
Galeomorphii,,China Sea,2000-2002,
Galeomorphii,,China Sea,2000-2002,
Galeomorphii,,China Sea,2000-2002,
Galeomorphii,,China Sea,2000-2002,
Galeomorphii,,China Sea,2000-2002,
Galeomorphii,,China Sea,2000-2002,
Galeomorphii,,China Sea,2000-2002,
Galeomorphii,,China Sea,2000-2002,
Galeomorphii,,China Sea,2000-2002,
Galeomorphii,,China Sea,2000-2002,
Galeomorphii,,China Sea,2000-2002,
Galeomorphii,,China Sea,2000-2002,
Galeomorphii,,China Sea,2000-2002,
Galeomorphii,,China Sea,2000-2002,
Galeomorphii,,China Sea,2000-2002,
Galeomorphii,,China Sea,2000-2002,
Galeomorphii,,China Sea,2000-2002,
Galeomorphii,,China Sea,2000-2002,
Galeomorphii,,China Sea,2000-2002,
Galeomorphii,,China Sea,2000-2002,
Galeomorphii,,China Sea,2000-2002,
Galeomorphii,,China Sea,2000-2002,
Galeomorphii,,China Sea,2000-2002,
Galeomorphii,,China Sea,2000-2002,
Galeomorphii,,China Sea,2000-2002,
Galeomorphii,,China Sea,2000-2002,
Galeomorphii,,Northwest Atlantic shelves,1966-2010,
Galeomorphii,,Northwest Atlantic shelves,1966-2010,
Galeomorphii,,Northwest Atlantic shelves,1966-2010,
Galeomorphii,,Northwest Atlantic shelves,1966-2010,
Galeomorphii,,Northwest Atlantic shelves,1966-2010,
Galeomorphii,,Northwest Atlantic shelves,1966-2010,
Galeomorphii,,Northwest Atlantic shelves,1966-2010,
Galeomorphii,,Northwest Atlantic shelves,1966-2010,
Galeomorphii,,Northwest Atlantic shelves,1966-2010,
Galeomorphii,,Northwest Atlantic shelves,1966-2010,
Galeomorphii,,Northwest Atlantic shelves,1966-2010,
Galeomorphii,,Northwest Atlantic shelves,1966-2010,
Galeomorphii,,Northwest Atlantic shelves,1966-2010,
Galeomorphii,,Northwest Atlantic shelves,1966-2010,
Galeomorphii,,Northwest Atlantic shelves,1966-2010,
Galeomorphii,,Northwest Atlantic shelves,1966-2010,
Galeomorphii,,Northwest Atlantic shelves,1966-2010,
Galeomorphii,,Northwest Atlantic shelves,1966-2010,
Galeomorphii,,Northwest Atlantic shelves,1966-2010,
Galeomorphii,,Northwest Atlantic shelves,1966-2010,
Galeomorphii,,Western Australian and Indonesian coast,2001-2005,
Galeomorphii,,Western Australian and Indonesian coast,2001-2005,
Galeomorphii,,Western Australian and Indonesian coast,2001-2005,
Galeomorphii,,Western Australian and Indonesian coast,2001-2005,
Galeomorphii,,Western Australian and Indonesian coast,2001-2005,
Galeomorphii,,Western Australian and Indonesian coast,2001-2005,
Galeomorphii,,Western Australian and Indonesian coast,2001-2005,
Galeomorphii,,Western Australian and Indonesian coast,2001-2005,
Galeomorphii,,Western Australian and Indonesian coast,2001-2005,
Galeomorphii,,Western Australian and Indonesian coast,2001-2005,
Galeomorphii,,Western Australian and Indonesian coast,2001-2005,
Galeomorphii,,Western Australian and Indonesian coast,2001-2005,
Galeomorphii,,Western Australian and Indonesian coast,2001-2005,
Galeomorphii,,Western Australian and Indonesian coast,2001-2005,
Galeomorphii,,Western Australian and Indonesian coast,2001-2005,
Galeomorphii,,Western Australian and Indonesian coast,2001-2005,
Galeomorphii,,Western Australian and Indonesian coast,2001-2005,
Galeomorphii,,Western Australian and Indonesian coast,2001-2005,
Galeomorphii,,Western Australian and Indonesian coast,2001-2005,
Galeomorphii,,Western Australian and Indonesian coast,2001-2005,
Galeomorphii,,Western Australian and Indonesian coast,2001-2005,
Galeomorphii,,Western Australian and Indonesian coast,2001-2005,
Galeomorphii,,Western Australian and Indonesian coast,2001-2005,
Galeomorphii,,Western Australian and Indonesian coast,2001-2005,
Galeomorphii,,Western Australian and Indonesian coast,2001-2005,
Galeomorphii,,Western Australian and Indonesian coast,2001-2005,
Galeomorphii,,Western Australian and Indonesian coast,2001-2005,
Galeomorphii,,Western Australian and Indonesian coast,2001-2005,
Galeomorphii,,Western Australian and Indonesian coast,2001-2005,
Galeomorphii,,Western Australian and Indonesian coast,2001-2005,
Galeomorphii,,Western Australian and Indonesian coast,2001-2005,
Galeomorphii,,Western Australian and Indonesian coast,2001-2005,
Galeomorphii,,Western Australian and Indonesian coast,2001-2005,
Galeomorphii,,Western Australian and Indonesian coast,2001-2005,
Galeomorphii,,Western Australian and Indonesian coast,2001-2005,
Galeomorphii,,Western Australian and Indonesian coast,2001-2005,
Galeomorphii,,Western Australian and Indonesian coast,2001-2005,
Galeomorphii,,Western Australian and Indonesian coast,2001-2005,
Galeomorphii,,Western Australian and Indonesian coast,2001-2005,
Galeomorphii,,Western Australian and Indonesian coast,2001-2005,
Galeomorphii,,Western Australian and Indonesian coast,2001-2005,
Galeomorphii,,Western Australian and Indonesian coast,2001-2005,
Galeomorphii,,Western Australian and Indonesian coast,2001-2005,
Galeomorphii,,Western Australian and Indonesian coast,2001-2005,
Galeomorphii,,Western Australian and Indonesian coast,2001-2005,
Galeomorphii,,Western Australian and Indonesian coast,2001-2005,
Galeomorphii,,Western Australian and Indonesian coast,2001-2005,
Galeomorphii,,Western Australian and Indonesian coast,2001-2005,
Galeomorphii,,Western Australian and Indonesian coast,2001-2005,
Galeomorphii,,Western Australian and Indonesian coast,2001-2005,
Galeomorphii,,Western Australian and Indonesian coast,2001-2005,
Galeomorphii,,Western Australian and Indonesian coast,2001-2005,
Galeomorphii,,Western Australian and Indonesian coast,2001-2005,
Galeomorphii,,Western Australian and Indonesian coast,2001-2005,
Galeomorphii,,Western Australian and Indonesian coast,2001-2005,
Galeomorphii,,Western Australian and Indonesian coast,2001-2005,
Galeomorphii,,Western Australian and Indonesian coast,2001-2005,
Galeomorphii,,Western Australian and Indonesian coast,2001-2005,
Galeomorphii,,Western Australian and Indonesian coast,2001-2005,
Galeomorphii,,Western Australian and Indonesian coast,2001-2005,
Galeomorphii,,Western Australian and Indonesian coast,2001-2005,
Galeomorphii,,Western Australian and Indonesian coast,2001-2005,
Galeomorphii,,Western Australian and Indonesian coast,2001-2005,
Galeomorphii,,Western Australian and Indonesian coast,2001-2005,
Galeomorphii,,Western Australian and Indonesian coast,2001-2005,
Galeomorphii,,China Sea,2002-2006,
Galeomorphii,,China Sea,2002-2006,
Galeomorphii,,China Sea,2002-2006,
Galeomorphii,,China Sea,2002-2006,
Galeomorphii,,China Sea,2002-2006,
Galeomorphii,,China Sea,2002-2006,
Galeomorphii,,China Sea,2002-2006,
Galeomorphii,,China Sea,2002-2006,
Galeomorphii,,China Sea,2002-2006,
Galeomorphii,,China Sea,2002-2006,
Galeomorphii,,China Sea,2002-2006,
Galeomorphii,,China Sea,2002-2006,
Galeomorphii,,China Sea,2002-2006,
Galeomorphii,,China Sea,2002-2006,
Galeomorphii,,China Sea,2002-2006,
Galeomorphii,,China Sea,2002-2006,
Galeomorphii,,China Sea,2002-2006,
Galeomorphii,,China Sea,2002-2006,
Galeomorphii,,China Sea,2002-2006,
Galeomorphii,,China Sea,2002-2006,
Galeomorphii,,China Sea,2002-2006,
Galeomorphii,,China Sea,2002-2006,
Galeomorphii,,China Sea,2002-2006,
Galeomorphii,,China Sea,2002-2006,
Galeomorphii,,China Sea,2002-2006,
Galeomorphii,,China Sea,2002-2006,
Galeomorphii,,China Sea,2002-2006,
Galeomorphii,,China Sea,2002-2006,
Galeomorphii,,China Sea,2002-2006,
Galeomorphii,,China Sea,2002-2006,
Galeomorphii,,China Sea,2002-2006,
Galeomorphii,,China Sea,2002-2006,
Galeomorphii,,China Sea,2002-2006,
Galeomorphii,,China Sea,2002-2006,
Galeomorphii,,China Sea,2002-2006,
Galeomorphii,,Western Australian and Indonesian coast,2009-2014,
Galeomorphii,,Western Australian and Indonesian coast,2009-2014,
Galeomorphii,,Western Australian and Indonesian coast,2009-2014,
Galeomorphii,,Western Australian and Indonesian coast,2009-2014,
Galeomorphii,,Western Australian and Indonesian coast,2009-2014,
Galeomorphii,,Western Australian and Indonesian coast,2009-2014,
Galeomorphii,,Western Australian and Indonesian coast,2009-2014,
Galeomorphii,,Western Australian and Indonesian coast,2009-2014,
Galeomorphii,,Western Australian and Indonesian coast,2009-2014,
Galeomorphii,,Western Australian and Indonesian coast,2009-2014,
Galeomorphii,,Western Australian and Indonesian coast,2009-2014,
Galeomorphii,,Western Australian and Indonesian coast,2009-2014,
Galeomorphii,,Western Australian and Indonesian coast,2009-2014,
Galeomorphii,,Western Australian and Indonesian coast,2009-2014,
Galeomorphii,,Western Australian and Indonesian coast,2009-2014,
Galeomorphii,,Western Australian and Indonesian coast,2009-2014,
Galeomorphii,,Western Australian and Indonesian coast,2009-2014,
Galeomorphii,,Western Australian and Indonesian coast,2009-2014,
Galeomorphii,,Western Australian and Indonesian coast,2009-2014,
Galeomorphii,,Western Australian and Indonesian coast,2009-2014,
Galeomorphii,,Western Australian and Indonesian coast,2009-2014,
Galeomorphii,,Western Australian and Indonesian coast,2009-2014,
Galeomorphii,,Western Australian and Indonesian coast,2009-2014,
Galeomorphii,,Western Australian and Indonesian coast,2009-2014,
Galeomorphii,,Western Australian and Indonesian coast,2009-2014,
Galeomorphii,,Western Australian and Indonesian coast,2009-2014,
Galeomorphii,,Western Australian and Indonesian coast,2009-2014,
Galeomorphii,,Western Australian and Indonesian coast,2009-2014,
Galeomorphii,,Western Australian and Indonesian coast,2009-2014,
Galeomorphii,,Western Australian and Indonesian coast,2009-2014,
Galeomorphii,,Western Australian and Indonesian coast,2009-2014,
Galeomorphii,,Western Australian and Indonesian coast,2009-2014,
Galeomorphii,,Western Australian and Indonesian coast,2009-2014,
Galeomorphii,,Western Australian and Indonesian coast,2009-2014,
Galeomorphii,,Western Australian and Indonesian coast,2009-2014,
Galeomorphii,,Western Australian and Indonesian coast,2009-2014,
Galeomorphii,,Western Australian and Indonesian coast,2009-2014,
Galeomorphii,,Western Australian and Indonesian coast,2009-2014,
Galeomorphii,,Western Australian and Indonesian coast,2009-2014,
Galeomorphii,,Western Australian and Indonesian coast,2009-2014,
Galeomorphii,,Western Australian and Indonesian coast,2009-2014,
Galeomorphii,,Western Australian and Indonesian coast,2009-2014,
Galeomorphii,,Western Australian and Indonesian coast,2009-2014,
Galeomorphii,,Western Australian and Indonesian coast,2009-2014,
Galeomorphii,,Western Australian and Indonesian coast,2009-2014,
Galeomorphii,,Western Australian and Indonesian coast,2009-2014,
Galeomorphii,,Western Australian and Indonesian coast,2009-2014,
Galeomorphii,,Western Australian and Indonesian coast,2009-2014,
Galeomorphii,,Western Australian and Indonesian coast,2009-2014,
Galeomorphii,,Western Australian and Indonesian coast,2009-2014,
Galeomorphii,,Western Australian and Indonesian coast,2009-2014,
Galeomorphii,,Western Australian and Indonesian coast,2009-2014,
Galeomorphii,,Western Australian and Indonesian coast,2009-2014,
Galeomorphii,,Western Australian and Indonesian coast,2009-2014,
Galeomorphii,,Western Australian and Indonesian coast,2009-2014,
Galeomorphii,,Western Australian and Indonesian coast,2009-2014,
Galeomorphii,,Western Australian and Indonesian coast,2009-2014,
Galeomorphii,,Western Australian and Indonesian coast,2009-2014,
Galeomorphii,,Western Australian and Indonesian coast,2009-2014,
Galeomorphii,,Western Australian and Indonesian coast,2009-2014,
Galeomorphii,,Western Australian and Indonesian coast,2009-2014,
Galeomorphii,,Western Australian and Indonesian coast,2009-2014,
Galeomorphii,,Western Australian and Indonesian coast,2009-2014,
Galeomorphii,,Western Australian and Indonesian coast,2009-2014,
Galeomorphii,,Western Australian and Indonesian coast,2009-2014,
Galeomorphii,,Western Australian and Indonesian coast,2009-2014,
Galeomorphii,,Western Australian and Indonesian coast,2009-2014,
Galeomorphii,,Western Australian and Indonesian coast,2009-2014,
Galeomorphii,,Western Australian and Indonesian coast,2009-2014,
Galeomorphii,,Western Australian and Indonesian coast,2009-2014,
Galeomorphii,,Western Australian and Indonesian coast,2009-2014,
Galeomorphii,,Western Australian and Indonesian coast,2009-2014,
Galeomorphii,,Eastern India coast,1984-1988,
Galeomorphii,,Eastern India coast,1984-1988,
Galeomorphii,,Eastern India coast,1984-1988,
Galeomorphii,,Eastern India coast,1984-1988,
Galeomorphii,,Eastern India coast,1984-1988,
Galeomorphii,,Eastern India coast,1984-1988,
Galeomorphii,,Eastern India coast,1984-1988,
Galeomorphii,,Eastern India coast,1984-1988,
Galeomorphii,,Eastern India coast,1984-1988,
Galeomorphii,,Eastern India coast,1984-1988,
Galeomorphii,,Eastern India coast,1984-1988,
Galeomorphii,,Eastern India coast,1984-1988,
Galeomorphii,,Eastern India coast,1984-1988,
Galeomorphii,,Eastern India coast,1984-1988,
Galeomorphii,,Eastern India coast,1984-1988,
Galeomorphii,,Eastern India coast,1984-1988,
Galeomorphii,,Eastern India coast,1984-1988,
Galeomorphii,,Eastern India coast,1984-1988,
Galeomorphii,,China Sea,1982-1992,
Galeomorphii,,China Sea,1982-1992,
Galeomorphii,,China Sea,1982-1992,
Galeomorphii,,China Sea,1982-1992,
Galeomorphii,,China Sea,1982-1992,
Galeomorphii,,China Sea,1982-1992,
Galeomorphii,,China Sea,1982-1992,
Galeomorphii,,China Sea,1982-1992,
Galeomorphii,,China Sea,1982-1992,
Galeomorphii,,China Sea,1982-1992,
Galeomorphii,,China Sea,1982-1992,
Galeomorphii,,China Sea,1982-1992,
Galeomorphii,,China Sea,1982-1992,
Galeomorphii,,China Sea,1982-1992,
Galeomorphii,,China Sea,1982-1992,
Galeomorphii,,China Sea,1982-1992,
Galeomorphii,,China Sea,1982-1992,
Galeomorphii,,China Sea,1982-1992,
Galeomorphii,,China Sea,1982-1992,
Galeomorphii,,China Sea,1982-1992,
Galeomorphii,,China Sea,1982-1992,
Galeomorphii,,China Sea,1982-1992,
Galeomorphii,,China Sea,1982-1992,
Galeomorphii,,China Sea,1982-1992,
Galeomorphii,,South Pacific gyre,2007-2011,
Galeomorphii,,South Pacific gyre,2007-2011,
Galeomorphii,,South Pacific gyre,2007-2011,
Galeomorphii,,South Pacific gyre,2007-2011,
Galeomorphii,,South Pacific gyre,2007-2011,
Galeomorphii,,South Pacific gyre,2007-2011,
Galeomorphii,,South Pacific gyre,2007-2011,
Galeomorphii,,South Pacific gyre,2007-2011,
Galeomorphii,,South Pacific gyre,2007-2011,
Galeomorphii,,South Pacific gyre,2007-2011,
Galeomorphii,,South Pacific gyre,2007-2011,
Galeomorphii,,China Sea,1995-1996,
Galeomorphii,,China Sea,1995-1996,
Galeomorphii,,China Sea,1995-1996,
Galeomorphii,,China Sea,1995-1996,
Galeomorphii,,China Sea,1995-1996,
Galeomorphii,,China Sea,1995-1996,
Galeomorphii,,China Sea,1995-1996,
Galeomorphii,,China Sea,1995-1996,
Galeomorphii,,China Sea,1995-1996,
Galeomorphii,,China Sea,1995-1996,
Galeomorphii,,China Sea,1995-1996,
Galeomorphii,,China Sea,1995-1996,
Galeomorphii,,China Sea,1995-1996,
Galeomorphii,,China Sea,1995-1996,
Galeomorphii,,China Sea,1995-1996,
Galeomorphii,,China Sea,1995-1996,
Galeomorphii,,China Sea,1995-1996,
Galeomorphii,,China Sea,1995-1996,
Galeomorphii,,China Sea,1995-1996,
Galeomorphii,,China Sea,1995-1996,
Galeomorphii,,China Sea,1995-1996,
Galeomorphii,,China Sea,1995-1996,
Galeomorphii,,China Sea,1995-1996,
Galeomorphii,,China Sea,1995-1996,
Galeomorphii,,China Sea,1995-1996,
Galeomorphii,,China Sea,1995-1996,
Galeomorphii,,China Sea,1995-1996,
Galeomorphii,,China Sea,1995-1996,
Galeomorphii,,China Sea,1995-1996,
Galeomorphii,,China Sea,1995-1996,
Galeomorphii,,China Sea,1995-1996,
Galeomorphii,,China Sea,1995-1996,
Galeomorphii,,China Sea,1995-1996,
Galeomorphii,,China Sea,1995-1996,
Galeomorphii,,China Sea,1995-1996,
Galeomorphii,,China Sea,1995-1996,
Galeomorphii,,China Sea,1995-1996,
Galeomorphii,,China Sea,1995-1996,
Galeomorphii,,China Sea,1995-1996,
Galeomorphii,,China Sea,1995-1996,
Galeomorphii,,China Sea,1989-1992,
Galeomorphii,,China Sea,1989-1992,
Galeomorphii,,China Sea,1989-1992,
Galeomorphii,,China Sea,1989-1992,
Galeomorphii,,China Sea,1989-1992,
Galeomorphii,,China Sea,1989-1992,
Galeomorphii,,China Sea,1989-1992,
Galeomorphii,,China Sea,1989-1992,
Galeomorphii,,China Sea,1989-1992,
Galeomorphii,,China Sea,1989-1992,
Galeomorphii,,China Sea,1989-1992,
Galeomorphii,,China Sea,1989-1992,
Galeomorphii,,China Sea,1989-1992,
Galeomorphii,,China Sea,1989-1992,
Galeomorphii,,China Sea,1989-1992,
Galeomorphii,,China Sea,1989-1992,
Galeomorphii,,China Sea,1989-1992,
Galeomorphii,,China Sea,1989-1992,
Galeomorphii,,China Sea,1989-1992,
Galeomorphii,,China Sea,1989-1992,
Galeomorphii,,China Sea,1989-1992,
Galeomorphii,,China Sea,1989-1992,
Galeomorphii,,China Sea,1989-1992,
Galeomorphii,,China Sea,1989-1992,
Galeomorphii,,China Sea,1989-1992,
Galeomorphii,,China Sea,1989-1992,
Galeomorphii,,China Sea,1989-1992,
Galeomorphii,,China Sea,1989-1992,
Galeomorphii,,China Sea,1989-1992,
Galeomorphii,,China Sea,1989-1992,
Galeomorphii,,China Sea,1989-1992,
,,,,
,,,,
,,,,
,,,,
,,,,
,,,,
Galeomorphii,,Western India coast,2010-2012,
Galeomorphii,,Western India coast,2010-2012,
Galeomorphii,,Western India coast,2010-2012,
Galeomorphii,,Western India coast,2010-2012,
Galeomorphii,,Western India coast,2010-2012,
Galeomorphii,,Western India coast,2010-2012,
Galeomorphii,,Western India coast,2010-2012,
Galeomorphii,,Western India coast,2010-2012,
Galeomorphii,,Western India coast,2010-2012,
Galeomorphii,,Western India coast,2010-2012,
Galeomorphii,,Western India coast,2010-2012,
Galeomorphii,,Western India coast,2010-2012,
Galeomorphii,,Western India coast,2010-2012,
Galeomorphii,,Western India coast,2010-2012,
Galeomorphii,,Western India coast,2010-2012,
Galeomorphii,,Western India coast,2010-2012,
Galeomorphii,,Western India coast,2010-2012,
Galeomorphii,,Western India coast,2010-2012,
Galeomorphii,,Western India coast,2010-2012,
,,,,
Galeomorphii,,Western India coast,2010,
Galeomorphii,,Western India coast,2010,
,,,,
,,,,
,,,,
,,,,
,,,,
,,,,
,,,,
,,,,
,,,,
,,,,
,,,,
,,,,
Galeomorphii,,Western India coast,2008-2011,
Galeomorphii,,Western India coast,2008-2011,
Galeomorphii,,Western India coast,2017,
