species_superorder,isGaleomorphi,species_name,marine_province,lat,long,date,year
Galeomorphii,1,Prionace glauca,Northwest Atlantic shelves,,,1966-2001,1966
Galeomorphii,1,Prionace glauca,Northwest Atlantic shelves,,,1966-2001,1966
Galeomorphii,1,Prionace glauca,Northwest Atlantic shelves,,,1966-2001,1966
Galeomorphii,1,Prionace glauca,Northwest Atlantic shelves,,,1966-2001,1966
Galeomorphii,1,Prionace glauca,Northwest Atlantic shelves,,,1966-2001,1966
Galeomorphii,1,Prionace glauca,Northwest Atlantic shelves,,,1966-2001,1966
Galeomorphii,1,Prionace glauca,Northwest Atlantic shelves,,,1966-2001,1966
Galeomorphii,1,Prionace glauca,Northwest Atlantic shelves,,,1966-2001,1966
Galeomorphii,1,Prionace glauca,Northwest Atlantic shelves,,,1966-2001,1966
Galeomorphii,1,Prionace glauca,Northwest Atlantic shelves,,,1966-2001,1966
Galeomorphii,1,Prionace glauca,Northwest Atlantic shelves,,,1966-2001,1966
Galeomorphii,1,Prionace glauca,Northwest Atlantic shelves,,,1966-2001,1966
Galeomorphii,1,Prionace glauca,Northwest Atlantic shelves,,,1966-2001,1966
Galeomorphii,1,Prionace glauca,Northwest Atlantic shelves,,,1966-2001,1966
Galeomorphii,1,Prionace glauca,Northwest Atlantic shelves,,,1966-2001,1966
Galeomorphii,1,Prionace glauca,Northwest Atlantic shelves,,,1966-2001,1966
Galeomorphii,1,Prionace glauca,Northwest Atlantic shelves,,,1966-2001,1966
Galeomorphii,1,Prionace glauca,Northwest Atlantic shelves,,,1966-2001,1966
Galeomorphii,1,Prionace glauca,Northwest Atlantic shelves,,,1966-2001,1966
Galeomorphii,1,Prionace glauca,Brazilian current coast,,,1992-2000,1992
Galeomorphii,1,Prionace glauca,Brazilian current coast,,,1992-2000,1992
Galeomorphii,1,Prionace glauca,Brazilian current coast,,,1992-2000,1992
Galeomorphii,1,Prionace glauca,Brazilian current coast,,,1992-2000,1992
Galeomorphii,1,Prionace glauca,Brazilian current coast,,,1992-2000,1992
Galeomorphii,1,Prionace glauca,Brazilian current coast,,,1992-2000,1992
Galeomorphii,1,Prionace glauca,Brazilian current coast,,,1992-2000,1992
Galeomorphii,1,Prionace glauca,Brazilian current coast,,,1992-2000,1992
Galeomorphii,1,Prionace glauca,Brazilian current coast,,,1992-2000,1992
Galeomorphii,1,Prionace glauca,Brazilian current coast,,,1992-2000,1992
Galeomorphii,1,Prionace glauca,Brazilian current coast,,,1992-2000,1992
Galeomorphii,1,Prionace glauca,Brazilian current coast,,,1992-2000,1992
Galeomorphii,1,Prionace glauca,Brazilian current coast,,,1992-2000,1992
Galeomorphii,1,Prionace glauca,Brazilian current coast,,,1992-2000,1992
Galeomorphii,1,Prionace glauca,Brazilian current coast,,,1992-2000,1992
Galeomorphii,1,Prionace glauca,Brazilian current coast,,,1992-2000,1992
Galeomorphii,1,Prionace glauca,Brazilian current coast,,,1992-2000,1992
Galeomorphii,1,Prionace glauca,Brazilian current coast,,,1992-2000,1992
Galeomorphii,1,Prionace glauca,Brazilian current coast,,,1992-2000,1992
Galeomorphii,1,Prionace glauca,Brazilian current coast,,,1992-2000,1992
Galeomorphii,1,Prionace glauca,Brazilian current coast,,,1992-2000,1992
Galeomorphii,1,Mitsukurina owstoni,Kuroshio current,,,1995-1996,1995
Galeomorphii,1,Mitsukurina owstoni,Kuroshio current,,,1995-1996,1995
Galeomorphii,1,Mitsukurina owstoni,Caribbean,,,2000,2000
Galeomorphii,1,Mitsukurina owstoni,Brazilian current coast,,,2008,2008
Galeomorphii,1,Mitsukurina owstoni,Brazilian current coast,,,2008,2008
Galeomorphii,1,Mitsukurina owstoni,Caribbean,,,2014,2014
Galeomorphii,1,Prionace glauca,Eastern India coast,,,2008-2010,2008
Galeomorphii,1,Prionace glauca,Eastern India coast,,,2008-2010,2008
Galeomorphii,1,Prionace glauca,Eastern India coast,,,2008-2010,2008
Galeomorphii,1,Prionace glauca,Eastern India coast,,,2008-2010,2008
Galeomorphii,1,Prionace glauca,Eastern India coast,,,2008-2010,2008
Galeomorphii,1,Prionace glauca,Eastern India coast,,,2008-2010,2008
Galeomorphii,1,Prionace glauca,Eastern India coast,,,2008-2010,2008
Galeomorphii,1,Prionace glauca,Eastern India coast,,,2008-2010,2008
Galeomorphii,1,Prionace glauca,Eastern India coast,,,2008-2010,2008
Galeomorphii,1,Prionace glauca,Eastern India coast,,,2008-2010,2008
Galeomorphii,1,Prionace glauca,Eastern India coast,,,2008-2010,2008
Galeomorphii,1,Prionace glauca,Eastern India coast,,,2008-2010,2008
Galeomorphii,1,Prionace glauca,Eastern India coast,,,2008-2010,2008
Galeomorphii,1,Prionace glauca,Eastern India coast,,,2008-2010,2008
Galeomorphii,1,Prionace glauca,Eastern India coast,,,2008-2010,2008
Galeomorphii,1,Prionace glauca,Eastern India coast,,,2008-2010,2008
Galeomorphii,1,Prionace glauca,Eastern India coast,,,2008-2010,2008
Galeomorphii,1,Prionace glauca,Eastern India coast,,,2008-2010,2008
Galeomorphii,1,Prionace glauca,Eastern India coast,,,2008-2010,2008
Galeomorphii,1,Prionace glauca,Eastern India coast,,,2008-2010,2008
Galeomorphii,1,Prionace glauca,Eastern India coast,,,2008-2010,2008
Galeomorphii,1,Prionace glauca,Eastern India coast,,,2008-2010,2008
Galeomorphii,1,Prionace glauca,Mediterranean Sea,,,1998-2000,1998
Galeomorphii,1,Prionace glauca,Mediterranean Sea,,,1998-2000,1998
Galeomorphii,1,Prionace glauca,Mediterranean Sea,,,1998-2000,1998
Galeomorphii,1,Prionace glauca,Mediterranean Sea,,,1998-2000,1998
Galeomorphii,1,Prionace glauca,Mediterranean Sea,,,1998-2000,1998
Galeomorphii,1,Prionace glauca,Mediterranean Sea,,,1998-2000,1998
Galeomorphii,1,Prionace glauca,Mediterranean Sea,,,1998-2000,1998
Galeomorphii,1,Prionace glauca,Mediterranean Sea,,,,
Galeomorphii,1,Prionace glauca,Mediterranean Sea,,,1998-2000,1998
Galeomorphii,1,Prionace glauca,Mediterranean Sea,,,1998-2000,1998
Galeomorphii,1,Prionace glauca,Mediterranean Sea,,,1998-2000,1998
Galeomorphii,1,Prionace glauca,Mediterranean Sea,,,1998-2000,1998
Galeomorphii,1,Prionace glauca,Mediterranean Sea,,,1998-2000,1998
Galeomorphii,1,Cephalurus cephalus,California current,,,2017,2017
Galeomorphii,1,Cephalurus cephalus,California current,,,2017,2017
Galeomorphii,1,Cephalurus cephalus,California current,,,2017,2017
Galeomorphii,1,Cephalurus cephalus,California current,,,2017,2017
Galeomorphii,1,Cephalurus cephalus,California current,,,2007,2007
Galeomorphii,1,Cephalurus cephalus,California current,,,2007,2007
Galeomorphii,1,Cephalurus cephalus,California current,,,2007,2007
Galeomorphii,1,Cephalurus cephalus,California current,,,207,207
Galeomorphii,1,Cephalurus cephalus,California current,,,2007,2007
Galeomorphii,1,Galeocerdo cuvier,East Australian coast,,,1964-1986,1964
Galeomorphii,1,Galeocerdo cuvier,East Australian coast,,,1964-1986,1964
Galeomorphii,1,Galeocerdo cuvier,East Australian coast,,,1964-1986,1964
Galeomorphii,1,Galeocerdo cuvier,East Australian coast,,,1964-1986,1964
Galeomorphii,1,Galeocerdo cuvier,East Australian coast,,,1964-1986,1964
Galeomorphii,1,Galeocerdo cuvier,East Australian coast,,,1964-1986,1964
Galeomorphii,1,Heterodontus francisci,Coastal Californian current,,,2011-2015,2011
Galeomorphii,1,Heterodontus francisci,Coastal Californian current,,,2011-2015,2011
Galeomorphii,1,Heterodontus francisci,Coastal Californian current,,,2011-2015,2011
Galeomorphii,1,Heterodontus francisci,Coastal Californian current,,,2011-2015,2011
Galeomorphii,1,Heterodontus francisci,Coastal Californian current,,,2011-2015,2011
Galeomorphii,1,Bythaelurus hispidus,Western India coast,,,2010-2011,2010
Galeomorphii,1,Bythaelurus hispidus,Western India coast,,,2010-2011,2010
Galeomorphii,1,Bythaelurus hispidus,Western India coast,,,2010-2011,2010
Galeomorphii,1,Bythaelurus hispidus,Western India coast,,,2010-2011,2010
Galeomorphii,1,Bythaelurus hispidus,Western India coast,,,2010-2011,2010
Galeomorphii,1,Bythaelurus hispidus,Western India coast,,,2010-2011,2010
Galeomorphii,1,Bythaelurus hispidus,Western India coast,,,2010-2011,2010
Galeomorphii,1,Bythaelurus hispidus,Western India coast,,,2010-2011,2010
Galeomorphii,1,Bythaelurus hispidus,Western India coast,,,2010-2011,2010
Galeomorphii,1,Bythaelurus hispidus,Western India coast,,,2010-2011,2010
Galeomorphii,1,Bythaelurus hispidus,Western India coast,,,2010-2011,2010
Galeomorphii,1,Bythaelurus hispidus,Western India coast,,,2010-2011,2010
Galeomorphii,1,Bythaelurus hispidus,Western India coast,,,2010-2011,2010
Galeomorphii,1,Bythaelurus hispidus,Western India coast,,,2010-2011,2010
Galeomorphii,1,Bythaelurus hispidus,Western India coast,,,2010-2011,2010
Galeomorphii,1,Carcharhinus falciformis,Central American coast,,,2000-2007,2000
Galeomorphii,1,Carcharhinus falciformis,Central American coast,,,2000-2007,2000
Galeomorphii,1,Carcharhinus falciformis,Central American coast,,,2000-2007,2000
Galeomorphii,1,Carcharhinus falciformis,Central American coast,,,2000-2007,2000
Galeomorphii,1,Carcharhinus falciformis,Central American coast,,,2000-2007,2000
Galeomorphii,1,Carcharhinus falciformis,Central American coast,,,2000-2007,2000
Galeomorphii,1,Carcharhinus falciformis,Central American coast,,,2000-2007,2000
Galeomorphii,1,Carcharhinus falciformis,Central American coast,,,2000-2007,2000
Galeomorphii,1,Carcharhinus falciformis,Central American coast,,,2000-2007,2000
Galeomorphii,1,Rhizoprionodon lalandii,Brazilian current coast,,,2003-2004,2003
Galeomorphii,1,Rhizoprionodon lalandii,Brazilian current coast,,,2003-2004,2003
Galeomorphii,1,Rhizoprionodon lalandii,Brazilian current coast,,,2003-2004,2003
Galeomorphii,1,Rhizoprionodon lalandii,Brazilian current coast,,,2003-2004,2003
Galeomorphii,1,Rhizoprionodon lalandii,Brazilian current coast,,,2003-2004,2003
Galeomorphii,1,Rhizoprionodon lalandii,Brazilian current coast,,,2003-2004,2003
Galeomorphii,1,Rhizoprionodon lalandii,Brazilian current coast,,,2003-2004,2003
Galeomorphii,1,Rhizoprionodon lalandii,Brazilian current coast,,,2003-2004,2003
Galeomorphii,1,Rhizoprionodon lalandii,Brazilian current coast,,,2003-2004,2003
Galeomorphii,1,Rhizoprionodon lalandii,Brazilian current coast,,,2003-2004,2003
Galeomorphii,1,Rhizoprionodon lalandii,Brazilian current coast,,,2003-2004,2003
Galeomorphii,1,Rhizoprionodon lalandii,Brazilian current coast,,,2003-2004,2003
Galeomorphii,1,Rhizoprionodon lalandii,Brazilian current coast,,,2003-2004,2003
Galeomorphii,1,Rhizoprionodon lalandii,Brazilian current coast,,,2003-2004,2003
Galeomorphii,1,Rhizoprionodon lalandii,Brazilian current coast,,,2003-2004,2003
Galeomorphii,1,Rhizoprionodon lalandii,Brazilian current coast,,,2003-2004,2003
Galeomorphii,1,Rhizoprionodon lalandii,Brazilian current coast,,,2003-2004,2003
Galeomorphii,1,Rhizoprionodon lalandii,Brazilian current coast,,,2003-2004,2003
Galeomorphii,1,Rhizoprionodon lalandii,Brazilian current coast,,,2003-2004,2003
Galeomorphii,1,Rhizoprionodon lalandii,Brazilian current coast,,,2003-2004,2003
Galeomorphii,1,Sphyrna lewini,Central American coast,,,1987-1998,1987
Galeomorphii,1,Sphyrna lewini,Central American coast,,,1987-1998,1987
Galeomorphii,1,Sphyrna lewini,Central American coast,,,1987-1998,1987
Galeomorphii,1,Sphyrna lewini,Central American coast,,,1987-1998,1987
Galeomorphii,1,Sphyrna lewini,Central American coast,,,1987-1998,1987
Galeomorphii,1,Sphyrna lewini,Central American coast,,,1987-1998,1987
Galeomorphii,1,Sphyrna lewini,Central American coast,,,1987-1998,1987
Galeomorphii,1,Sphyrna lewini,Central American coast,,,1987-1998,1987
Galeomorphii,1,Sphyrna lewini,Central American coast,,,1987-1998,1987
Galeomorphii,1,Sphyrna lewini,Central American coast,,,1987-1998,1987
Galeomorphii,1,Sphyrna lewini,Central American coast,,,1987-1998,1987
Galeomorphii,1,Sphyrna lewini,Central American coast,,,1992-1998,1992
Galeomorphii,1,Sphyrna lewini,Central American coast,,,1992-1998,1992
Galeomorphii,1,Sphyrna lewini,Central American coast,,,1992-1998,1992
Galeomorphii,1,Sphyrna lewini,Central American coast,,,1992-1998,1992
Galeomorphii,1,Sphyrna lewini,Central American coast,,,1992-1998,1992
Galeomorphii,1,Sphyrna lewini,Central American coast,,,1992-1998,1992
Galeomorphii,1,Sphyrna lewini,Central American coast,,,2003-2005,2003
Galeomorphii,1,Sphyrna lewini,Central American coast,,,2003-2005,2003
Galeomorphii,1,Sphyrna lewini,Central American coast,,,2003-2005,2003
Galeomorphii,1,Sphyrna lewini,Central American coast,,,2003-2005,2003
Galeomorphii,1,Sphyrna lewini,Central American coast,,,2003-2005,2003
Galeomorphii,1,Sphyrna lewini,Central American coast,,,2003-2005,2003
Galeomorphii,1,Sphyrna lewini,Central American coast,,,2003-2005,2003
Galeomorphii,1,Sphyrna lewini,Central American coast,,,2003-2005,2003
Galeomorphii,1,Sphyrna lewini,Central American coast,,,2003-2005,2003
Galeomorphii,1,Sphyrna lewini,Central American coast,,,2003-2005,2003
Galeomorphii,1,Sphyrna lewini,Central American coast,,,2003-2005,2003
Galeomorphii,1,Sphyrna lewini,Central American coast,,,2003-2005,2003
Galeomorphii,1,Sphyrna lewini,Central American coast,,,2003-2005,2003
Galeomorphii,1,Sphyrna lewini,Central American coast,,,2003-2005,2003
Galeomorphii,1,Sphyrna lewini,Central American coast,,,2003-2005,2003
Galeomorphii,1,Sphyrna lewini,Central American coast,,,2003-2005,2003
Galeomorphii,1,Sphyrna lewini,Central American coast,,,2003-2005,2003
Galeomorphii,1,Sphyrna lewini,Central American coast,,,2003-2005,2003
Galeomorphii,1,Sphyrna lewini,Central American coast,,,2003-2005,2003
Galeomorphii,1,Sphyrna lewini,Central American coast,,,2003-2005,2003
Galeomorphii,1,Sphyrna lewini,Central American coast,,,2003-2005,2003
Galeomorphii,1,Sphyrna lewini,Central American coast,,,2003-2005,2003
Galeomorphii,1,Sphyrna lewini,Central American coast,,,2003-2005,2003
Galeomorphii,1,Sphyrna lewini,Central American coast,,,2003-2005,2003
Galeomorphii,1,Sphyrna lewini,Central American coast,,,2003-2005,2003
Galeomorphii,1,Sphyrna lewini,Central American coast,,,2003-2005,2003
Galeomorphii,1,Sphyrna lewini,Central American coast,,,2003-2005,2003
Galeomorphii,1,Sphyrna lewini,Central American coast,,,2003-2005,2003
Galeomorphii,1,Sphyrna lewini,Central American coast,,,2003-2005,2003
Galeomorphii,1,Sphyrna lewini,Central American coast,,,2003-2005,2003
Galeomorphii,1,Sphyrna lewini,Central American coast,,,2003-2005,2003
Galeomorphii,1,Sphyrna lewini,Central American coast,,,2003-2005,2003
Galeomorphii,1,Sphyrna lewini,Central American coast,,,2003-2005,2003
Galeomorphii,1,Sphyrna lewini,Central American coast,,,2003-2005,2003
Galeomorphii,1,Sphyrna lewini,Central American coast,,,2003-2005,2003
Galeomorphii,1,Sphyrna lewini,Central American coast,,,2003-2005,2003
Galeomorphii,1,Sphyrna lewini,Central American coast,,,2003-2005,2003
Galeomorphii,1,Sphyrna lewini,Central American coast,,,2003-2005,2003
Galeomorphii,1,Sphyrna lewini,Central American coast,,,2003-2005,2003
Galeomorphii,1,Sphyrna lewini,Central American coast,,,2003-2005,2003
Galeomorphii,1,Sphyrna lewini,Central American coast,,,2003-2005,2003
Galeomorphii,1,Sphyrna lewini,Central American coast,,,2003-2005,2003
Galeomorphii,1,Carcharhinus leucas,Caribbean,,,1993-1994,1993
Galeomorphii,1,Carcharhinus leucas,Caribbean,,,1993-1994,1993
Galeomorphii,1,Carcharhinus leucas,Caribbean,,,1993-1994,1993
Galeomorphii,1,Cephaloscyllium laticeps,Tasman Sea,-41.5,147.5,2002-2004,2002
Galeomorphii,1,Cephaloscyllium laticeps,Tasman Sea,-41.5,147.5,2002-2004,2002
Galeomorphii,1,Cephaloscyllium laticeps,Tasman Sea,-41.5,147.5,2002-2004,2002
Galeomorphii,1,Cephaloscyllium laticeps,Tasman Sea,-41.5,147.5,2002-2004,2002
Galeomorphii,1,Cephaloscyllium laticeps,Tasman Sea,-41.5,147.5,2002-2004,2002
Galeomorphii,1,Cephaloscyllium laticeps,Tasman Sea,-41.5,147.5,2002-2004,2002
Galeomorphii,1,Cephaloscyllium laticeps,Tasman Sea,-41.5,147.5,2002-2004,2002
Galeomorphii,1,Cephaloscyllium laticeps,Tasman Sea,-41.5,147.5,2002-2004,2002
Galeomorphii,1,Sphyrna lewini,Central American coast,,,2004-2006,2004
Galeomorphii,1,Sphyrna lewini,Central American coast,,,2004-2006,2004
Galeomorphii,1,Sphyrna lewini,Central American coast,,,2004-2006,2004
Galeomorphii,1,Sphyrna lewini,Central American coast,,,2004-2006,2004
Galeomorphii,1,Sphyrna lewini,Central American coast,,,2004-2006,2004
Galeomorphii,1,Sphyrna lewini,Central American coast,,,2004-2006,2004
Galeomorphii,1,Prionace glauca,Coastal Californian current,,,2000-2003,2000
Galeomorphii,1,Prionace glauca,Coastal Californian current,,,2000-2003,2000
Galeomorphii,1,Prionace glauca,Coastal Californian current,,,2000-2003,2000
Galeomorphii,1,Prionace glauca,Coastal Californian current,,,2000-2003,2000
Galeomorphii,1,Prionace glauca,Coastal Californian current,,,2000-2003,2000
Galeomorphii,1,Prionace glauca,Coastal Californian current,,,2000-2003,2000
Galeomorphii,1,Prionace glauca,Coastal Californian current,,,2000-2003,2000
Galeomorphii,1,Prionace glauca,Coastal Californian current,,,2000-2003,2000
Galeomorphii,1,Prionace glauca,Coastal Californian current,,,2000-2003,2000
Galeomorphii,1,Prionace glauca,Coastal Californian current,,,2000-2003,2000
Galeomorphii,1,Prionace glauca,Coastal Californian current,,,2000-2003,2000
Galeomorphii,1,Prionace glauca,Coastal Californian current,,,2000-2003,2000
Galeomorphii,1,Prionace glauca,Coastal Californian current,,,2000-2003,2000
Galeomorphii,1,Prionace glauca,Coastal Californian current,,,2000-2003,2000
Galeomorphii,1,Prionace glauca,Coastal Californian current,,,2000-2003,2000
Galeomorphii,1,Prionace glauca,Coastal Californian current,,,2000-2003,2000
Galeomorphii,1,Carcharhinus falciformis,Caribbean,,,1985-1989,1985
Galeomorphii,1,Carcharhinus falciformis,Caribbean,,,1985-1989,1985
Galeomorphii,1,Carcharhinus falciformis,Caribbean,,,1985-1989,1985
Galeomorphii,1,Carcharhinus falciformis,Caribbean,,,1985-1989,1985
Galeomorphii,1,Carcharhinus falciformis,Caribbean,,,1985-1989,1985
Galeomorphii,1,Carcharhinus falciformis,Caribbean,,,1985-1989,1985
Galeomorphii,1,Carcharhinus falciformis,Caribbean,,,1985-1989,1985
Galeomorphii,1,Carcharhinus falciformis,Caribbean,,,1985-1989,1985
Galeomorphii,1,Carcharhinus falciformis,Caribbean,,,1985-1989,1985
Galeomorphii,1,Carcharhinus falciformis,Caribbean,,,1985-1989,1985
Galeomorphii,1,Carcharhinus falciformis,Caribbean,,,1985-1989,1985
Galeomorphii,1,Carcharhinus falciformis,Caribbean,,,1985-1989,1985
Galeomorphii,1,Carcharhinus falciformis,Caribbean,,,1985-1989,1985
Galeomorphii,1,Sphyrna lewini,Central American coast,,,1996-1997,1996
Galeomorphii,1,Sphyrna lewini,Central American coast,,,1996-1997,1996
Galeomorphii,1,Sphyrna lewini,Central American coast,,,1996-1997,1996
Galeomorphii,1,Sphyrna lewini,Central American coast,,,1996-1997,1996
Galeomorphii,1,Sphyrna lewini,Central American coast,,,1996-1997,1996
Galeomorphii,1,Sphyrna lewini,Central American coast,,,1996-1997,1996
Galeomorphii,1,Sphyrna lewini,Central American coast,,,1996-1997,1996
Galeomorphii,1,Sphyrna lewini,Central American coast,,,1996-1997,1996
Galeomorphii,1,Sphyrna lewini,Central American coast,,,1996-1997,1996
Galeomorphii,1,Sphyrna lewini,Canary current coast,,,1994-1996,1994
Galeomorphii,1,Sphyrna lewini,Canary current coast,,,1994-1996,1994
Galeomorphii,1,Sphyrna lewini,Canary current coast,,,1994-1996,1994
Galeomorphii,1,Sphyrna lewini,Canary current coast,,,1994-1996,1994
Galeomorphii,1,Sphyrna lewini,Canary current coast,,,1994-1996,1994
Galeomorphii,1,Sphyrna lewini,Canary current coast,,,1994-1996,1994
Galeomorphii,1,Sphyrna lewini,Canary current coast,,,1994-1996,1994
Galeomorphii,1,Sphyrna lewini,Canary current coast,,,1994-1996,1994
Galeomorphii,1,Sphyrna lewini,Canary current coast,,,1994-1996,1994
Galeomorphii,1,Carcharhinus brevipinna,Canary current coast,,,1970-1990,1970
Galeomorphii,1,Carcharhinus brevipinna,Canary current coast,,,1970-1990,1970
Galeomorphii,1,Carcharhinus brevipinna,Canary current coast,,,1970-1990,1970
Galeomorphii,1,Carcharhinus brevipinna,Canary current coast,,,1970-1990,1970
Galeomorphii,1,Carcharhinus brevipinna,Canary current coast,,,1970-1990,1970
Galeomorphii,1,Carcharhinus brevipinna,Canary current coast,,,1970-1990,1970
Galeomorphii,1,Carcharhinus brevipinna,Canary current coast,,,1970-1990,1970
Galeomorphii,1,Carcharhinus brevipinna,Canary current coast,,,1970-1990,1970
Galeomorphii,1,Carcharhinus brevipinna,Canary current coast,,,1970-1990,1970
Galeomorphii,1,Carcharhinus brevipinna,Canary current coast,,,1970-1990,1970
Galeomorphii,1,Carcharhinus brevipinna,Canary current coast,,,1970-1990,1970
Galeomorphii,1,Carcharhinus brevipinna,Canary current coast,,,1970-1990,1970
Galeomorphii,1,Carcharhinus brevipinna,Canary current coast,,,1970-1990,1970
Galeomorphii,1,Carcharhinus brevipinna,Canary current coast,,,1970-1990,1970
Galeomorphii,1,Carcharhinus brevipinna,Canary current coast,,,1970-1990,1970
Galeomorphii,1,Carcharhinus brevipinna,Canary current coast,,,1970-1990,1970
Galeomorphii,1,Carcharhinus brevipinna,Canary current coast,,,1970-1990,1970
Galeomorphii,1,Carcharhinus brevipinna,Canary current coast,,,1970-1990,1970
Galeomorphii,1,Carcharhinus brevipinna,Canary current coast,,,1970-1990,1970
Galeomorphii,1,Carcharhinus brevipinna,Canary current coast,,,1970-1990,1970
Galeomorphii,1,Carcharhinus brevipinna,Canary current coast,,,1970-1990,1970
Galeomorphii,1,Carcharhinus brevipinna,Canary current coast,,,1970-1990,1970
Galeomorphii,1,Carcharhinus brevipinna,Canary current coast,,,1970-1990,1970
Galeomorphii,1,Carcharhinus brevipinna,Canary current coast,,,1970-1990,1970
Galeomorphii,1,Carcharhinus brevipinna,Canary current coast,,,1970-1990,1970
Galeomorphii,1,Carcharhinus brevipinna,Canary current coast,,,1970-1990,1970
Galeomorphii,1,Carcharhinus brevipinna,Canary current coast,,,1970-1990,1970
Galeomorphii,1,Carcharhinus brevipinna,Canary current coast,,,1970-1990,1970
Galeomorphii,1,Carcharhinus brevipinna,Canary current coast,,,1970-1990,1970
Galeomorphii,1,Carcharhinus brevipinna,Canary current coast,,,1970-1990,1970
Galeomorphii,1,Carcharhinus brevipinna,Canary current coast,,,1970-1990,1970
Galeomorphii,1,Carcharhinus brevipinna,Canary current coast,,,1970-1990,1970
Galeomorphii,1,Carcharhinus brevipinna,Canary current coast,,,1970-1990,1970
Galeomorphii,1,Paragaleus pectoralis,Guinea current coast,,,1994 - 2002,1994
Galeomorphii,1,Paragaleus pectoralis,Guinea current coast,,,1994 - 2002,1994
Galeomorphii,1,Paragaleus pectoralis,Guinea current coast,,,1994 - 2002,1994
Galeomorphii,1,Paragaleus pectoralis,Guinea current coast,,,1994 - 2002,1994
Galeomorphii,1,Paragaleus pectoralis,Guinea current coast,,,1994 - 2002,1994
Galeomorphii,1,Paragaleus pectoralis,Guinea current coast,,,1994 - 2002,1994
Galeomorphii,1,Paragaleus pectoralis,Guinea current coast,,,1994 - 2002,1994
Galeomorphii,1,Paragaleus pectoralis,Guinea current coast,,,1994 - 2002,1994
Galeomorphii,1,Paragaleus pectoralis,Guinea current coast,,,1994 - 2002,1994
Galeomorphii,1,Paragaleus pectoralis,Guinea current coast,,,1994 - 2002,1994
Galeomorphii,1,Paragaleus pectoralis,Guinea current coast,,,1994 - 2002,1994
Galeomorphii,1,Paragaleus pectoralis,Guinea current coast,,,1994 - 2002,1994
Galeomorphii,1,Paragaleus pectoralis,Guinea current coast,,,1994 - 2002,1994
Galeomorphii,1,Paragaleus pectoralis,Guinea current coast,,,1994 - 2002,1994
Galeomorphii,1,Paragaleus pectoralis,Guinea current coast,,,1994 - 2002,1994
Galeomorphii,1,Paragaleus pectoralis,Guinea current coast,,,1994 - 2002,1994
Galeomorphii,1,Paragaleus pectoralis,Guinea current coast,,,1994 - 2002,1994
Galeomorphii,1,Paragaleus pectoralis,Guinea current coast,,,1994 - 2002,1994
Galeomorphii,1,Paragaleus pectoralis,Guinea current coast,,,1994 - 2002,1994
Galeomorphii,1,Paragaleus pectoralis,Guinea current coast,,,1994 - 2002,1994
Galeomorphii,1,Paragaleus pectoralis,Guinea current coast,,,1994 - 2002,1994
Galeomorphii,1,Paragaleus pectoralis,Guinea current coast,,,1994 - 2002,1994
Galeomorphii,1,Paragaleus pectoralis,Guinea current coast,,,1994 - 2002,1994
Galeomorphii,1,Prionace glauca,Coastal Californian current,,,2000-2003,2000
Galeomorphii,1,Prionace glauca,Coastal Californian current,,,2000-2003,2000
Galeomorphii,1,Prionace glauca,Coastal Californian current,,,2000-2003,2000
Galeomorphii,1,Prionace glauca,Coastal Californian current,,,2000-2003,2000
Galeomorphii,1,Prionace glauca,Coastal Californian current,,,2000-2003,2000
Galeomorphii,1,Prionace glauca,Coastal Californian current,,,2000-2003,2000
Galeomorphii,1,Prionace glauca,Coastal Californian current,,,2000-2003,2000
Galeomorphii,1,Prionace glauca,Coastal Californian current,,,2000-2003,2000
Galeomorphii,1,Carcharhinus falciformis,Coastal Californian current,,,2000-2004,2000
Galeomorphii,1,Carcharhinus falciformis,Coastal Californian current,,,2000-2004,2000
Galeomorphii,1,Carcharhinus falciformis,Coastal Californian current,,,2000-2004,2000
Galeomorphii,1,Carcharhinus falciformis,Coastal Californian current,,,2000-2004,2000
Galeomorphii,1,Carcharhinus falciformis,Coastal Californian current,,,2003-2008,2003
Galeomorphii,1,Carcharhinus falciformis,Coastal Californian current,,,2003-2008,2003
Galeomorphii,1,Carcharhinus falciformis,Coastal Californian current,,,2003-2008,2003
Galeomorphii,1,Carcharhinus falciformis,Coastal Californian current,,,2003-2008,2003
Galeomorphii,1,Carcharhinus falciformis,Coastal Californian current,,,2004-2006,2004
Galeomorphii,1,Carcharhinus falciformis,Coastal Californian current,,,2004-2006,2004
Galeomorphii,1,Carcharhinus falciformis,Coastal Californian current,,,2004-2006,2004
Galeomorphii,1,Carcharhinus falciformis,Coastal Californian current,,,2004-2006,2004
Galeomorphii,1,Sphyrna lewini,Coastal Californian current,,,1994-1996,1994
Galeomorphii,1,Sphyrna lewini,Coastal Californian current,,,1994-1996,1994
Galeomorphii,1,Sphyrna lewini,Coastal Californian current,,,1994-1996,1994
Galeomorphii,1,Sphyrna lewini,Coastal Californian current,,,1994-1996,1994
Galeomorphii,1,Sphyrna lewini,Coastal Californian current,,,1997-1998,1997
Galeomorphii,1,Sphyrna lewini,Coastal Californian current,,,1997-1998,1997
Galeomorphii,1,Sphyrna lewini,Coastal Californian current,,,1997-1998,1997
Galeomorphii,1,Sphyrna lewini,Coastal Californian current,,,1997-1998,1997
Galeomorphii,1,Sphyrna lewini,Coastal Californian current,,,2004-2006,2004
Galeomorphii,1,Sphyrna lewini,Coastal Californian current,,,2004-2006,2004
Galeomorphii,1,Sphyrna lewini,Coastal Californian current,,,2004-2006,2004
Galeomorphii,1,Sphyrna lewini,Coastal Californian current,,,2004-2006,2004
Galeomorphii,1,Prionace glauca,Coastal Californian current,,,2000-2001,2000
Galeomorphii,1,Prionace glauca,Coastal Californian current,,,2000-2001,2000
Galeomorphii,1,Prionace glauca,Coastal Californian current,,,2000-2001,2000
Galeomorphii,1,Prionace glauca,Coastal Californian current,,,2000-2001,2000
Galeomorphii,1,Prionace glauca,Coastal Californian current,,,2000-2003,2000
Galeomorphii,1,Prionace glauca,Coastal Californian current,,,2000-2003,2000
Galeomorphii,1,Prionace glauca,Coastal Californian current,,,2000-2003,2000
Galeomorphii,1,Prionace glauca,Coastal Californian current,,,2000-2003,2000
Galeomorphii,1,Prionace glauca,Coastal Californian current,,,2006-2007,2006
Galeomorphii,1,Prionace glauca,Coastal Californian current,,,2006-2007,2006
Galeomorphii,1,Prionace glauca,Coastal Californian current,,,2006-2007,2006
Galeomorphii,1,Prionace glauca,Coastal Californian current,,,2006-2007,2006
Galeomorphii,1,Carcharhinus falciformis,Coastal Californian current,,,2000-2004,2000
Galeomorphii,1,Carcharhinus falciformis,Coastal Californian current,,,2003-2008,2003
Galeomorphii,1,Carcharhinus falciformis,Coastal Californian current,,,2004-2006,2004
Galeomorphii,1,Sphyrna lewini,Coastal Californian current,,,1994-1996,1994
Galeomorphii,1,Sphyrna lewini,Coastal Californian current,,,1997-1998,1997
Galeomorphii,1,Sphyrna lewini,Coastal Californian current,,,2004-2006,2004
Galeomorphii,1,Prionace glauca,Coastal Californian current,,,2000-2003,2000
Galeomorphii,1,Prionace glauca,Coastal Californian current,,,2006-2007,2006
Galeomorphii,1,Sphyrna tudes,Caribbean,,,1985-1986,1985
Galeomorphii,1,Sphyrna tudes,Caribbean,,,1985-1986,1985
Galeomorphii,1,Sphyrna tudes,Caribbean,,,1985-1986,1985
Galeomorphii,1,Sphyrna tudes,Caribbean,,,1985-1986,1985
Galeomorphii,1,Sphyrna tudes,Caribbean,,,1985-1986,1985
Galeomorphii,1,Sphyrna tudes,Caribbean,,,1985-1986,1985
Galeomorphii,1,Sphyrna tudes,Caribbean,,,1985-1986,1985
Galeomorphii,1,Sphyrna tudes,Caribbean,,,1985-1986,1985
Galeomorphii,1,Sphyrna tudes,Caribbean,,,1985-1986,1985
Galeomorphii,1,Sphyrna tudes,Caribbean,,,1985-1986,1985
Galeomorphii,1,Sphyrna tudes,Caribbean,,,1985-1986,1985
Galeomorphii,1,Sphyrna tudes,Caribbean,,,1985-1986,1985
Galeomorphii,1,Carcharhinus falciformis,North Pacific equatorial counter current,,,2004-2005,2004
Galeomorphii,1,Carcharhinus falciformis,North Pacific equatorial counter current,,,2004-2005,2004
Galeomorphii,1,Carcharhinus falciformis,North Pacific equatorial counter current,,,2004-2005,2004
Galeomorphii,1,Carcharhinus falciformis,North Pacific equatorial counter current,,,2004-2005,2004
Galeomorphii,1,Carcharhinus falciformis,North Pacific equatorial counter current,,,2004-2005,2004
Galeomorphii,1,Carcharhinus falciformis,North Pacific equatorial counter current,,,2004-2005,2004
Galeomorphii,1,Carcharhinus falciformis,North Pacific equatorial counter current,,,2004-2005,2004
Galeomorphii,1,Carcharhinus falciformis,North Pacific equatorial counter current,,,2004-2005,2004
Galeomorphii,1,Carcharhinus falciformis,North Pacific equatorial counter current,,,2004-2005,2004
Galeomorphii,1,Carcharhinus falciformis,North Pacific equatorial counter current,,,2004-2005,2004
Galeomorphii,1,Carcharhinus falciformis,North Pacific equatorial counter current,,,2004-2005,2004
Galeomorphii,1,Sphyrna mokarran,,,,1978-1993,1978
Galeomorphii,1,Sphyrna mokarran,,,,1978-1993,1978
Galeomorphii,1,Sphyrna mokarran,,,,1978-1993,1978
Galeomorphii,1,Sphyrna mokarran,,,,1978-1993,1978
Galeomorphii,1,Sphyrna mokarran,,,,1978-1993,1978
Galeomorphii,1,Sphyrna mokarran,,,,1978-1993,1978
Galeomorphii,1,Sphyrna mokarran,,,,1978-1993,1978
Galeomorphii,1,Sphyrna mokarran,,,,1978-1993,1978
Galeomorphii,1,Rhizoprionodon longurio,Central American coast,,,2005-2009,2005
Galeomorphii,1,Rhizoprionodon longurio,Central American coast,,,2005-2009,2005
Galeomorphii,1,Rhizoprionodon longurio,Central American coast,,,2005-2009,2005
Galeomorphii,1,Rhizoprionodon longurio,Central American coast,,,2005-2009,2005
Galeomorphii,1,Rhizoprionodon longurio,Central American coast,,,2005-2009,2005
Galeomorphii,1,Rhizoprionodon longurio,Central American coast,,,2005-2009,2005
Galeomorphii,1,Rhizoprionodon longurio,Central American coast,,,2005-2009,2005
Galeomorphii,1,Rhizoprionodon longurio,Central American coast,,,2005-2009,2005
Galeomorphii,1,Rhizoprionodon longurio,Central American coast,,,2005-2009,2005
Galeomorphii,1,Rhizoprionodon longurio,Central American coast,,,2005-2009,2005
Galeomorphii,1,Rhizoprionodon longurio,Central American coast,,,2005-2009,2005
Galeomorphii,1,Rhizoprionodon longurio,Central American coast,,,2005-2009,2005
Galeomorphii,1,Rhizoprionodon longurio,Central American coast,,,2005-2009,2005
Galeomorphii,1,Rhizoprionodon longurio,Central American coast,,,2005-2009,2005
Galeomorphii,1,Rhizoprionodon longurio,Central American coast,,,2005-2009,2005
Galeomorphii,1,Rhizoprionodon longurio,Central American coast,,,2005-2009,2005
Galeomorphii,1,Carcharhinus falciformis,Central American coast,,,2006-2007,2006
Galeomorphii,1,Prionace glauca,Central American coast,,,2006-2007,2006
Galeomorphii,1,Carcharhinus longimanus,Central American coast,,,2006-2007,2006
Galeomorphii,1,Carcharhinus falciformis,Central American coast,,,2006-2007,2006
Galeomorphii,1,Carcharhinus falciformis,Central American coast,,,2006-2007,2006
Galeomorphii,1,Carcharhinus falciformis,Central American coast,,,2006-2007,2006
Galeomorphii,1,Carcharhinus falciformis,Central American coast,,,2006-2007,2006
Galeomorphii,1,Carcharhinus falciformis,Central American coast,,,2006-2007,2006
Galeomorphii,1,Carcharhinus falciformis,Central American coast,,,2006-2007,2006
Galeomorphii,1,Prionace glauca,Central American coast,,,2006-2007,2006
Galeomorphii,1,Prionace glauca,Central American coast,,,2006-2007,2006
Galeomorphii,1,Prionace glauca,Central American coast,,,2006-2007,2006
Galeomorphii,1,Prionace glauca,Central American coast,,,2006-2007,2006
Galeomorphii,1,Prionace glauca,Central American coast,,,2006-2007,2006
Galeomorphii,1,Prionace glauca,Central American coast,,,2006-2007,2006
Galeomorphii,1,Sphyrna zygaena,Central American coast,,,2006-2007,2006
Galeomorphii,1,Sphyrna zygaena,Central American coast,,,2006-2007,2006
Galeomorphii,1,Sphyrna zygaena,Central American coast,,,2006-2007,2006
Galeomorphii,1,Sphyrna zygaena,Central American coast,,,2006-2007,2006
Galeomorphii,1,Sphyrna zygaena,Central American coast,,,2006-2007,2006
Galeomorphii,1,Sphyrna zygaena,Central American coast,,,2006-2007,2006
Galeomorphii,1,Alopias pelagicus,Central American coast,,,2006-2007,2006
Galeomorphii,1,Alopias pelagicus,Central American coast,,,2006-2007,2006
Galeomorphii,1,Alopias pelagicus,Central American coast,,,2006-2007,2006
Galeomorphii,1,Alopias pelagicus,Central American coast,,,2006-2007,2006
Galeomorphii,1,Alopias pelagicus,Central American coast,,,2006-2007,2006
Galeomorphii,1,Alopias pelagicus,Central American coast,,,2006-2007,2006
Galeomorphii,1,Carcharhinus longimanus,Central American coast,,,2006-2007,2006
Galeomorphii,1,Carcharhinus longimanus,Central American coast,,,2006-2007,2006
Galeomorphii,1,Carcharhinus falciformis,Central American coast,,,2000-2006,2000
Galeomorphii,1,Carcharhinus falciformis,Central American coast,,,2000-2006,2000
Galeomorphii,1,Carcharhinus falciformis,Central American coast,,,2000-2006,2000
Galeomorphii,1,Carcharhinus falciformis,Central American coast,,,2000-2006,2000
Galeomorphii,1,Carcharhinus falciformis,Central American coast,,,2000-2006,2000
Galeomorphii,1,Carcharhinus falciformis,Central American coast,,,2000-2006,2000
Galeomorphii,1,Carcharhinus falciformis,Central American coast,,,2000-2006,2000
Galeomorphii,1,Carcharhinus falciformis,Central American coast,,,2000-2006,2000
Galeomorphii,1,Carcharhinus falciformis,Central American coast,,,2005,2005
Galeomorphii,1,Carcharhinus falciformis,Central American coast,,,2005,2005
Galeomorphii,1,Carcharhinus falciformis,Central American coast,,,2005,2005
Galeomorphii,1,Carcharhinus falciformis,Central American coast,,,2005,2005
Galeomorphii,1,Carcharhinus falciformis,Central American coast,,,2005,2005
Galeomorphii,1,Carcharhinus falciformis,Central American coast,,,2005,2005
Galeomorphii,1,Carcharhinus falciformis,Central American coast,,,2005,2005
Galeomorphii,1,Carcharhinus leucas,Caribbean,,,1993-1997,1993
Galeomorphii,1,Carcharhinus leucas,Caribbean,,,1993-1997,1993
Galeomorphii,1,Carcharhinus leucas,Caribbean,,,1993-1997,1993
Galeomorphii,1,Carcharhinus leucas,Caribbean,,,1993-1997,1993
Galeomorphii,1,Carcharhinus leucas,Caribbean,,,1993-1997,1993
Galeomorphii,1,Carcharhinus leucas,Caribbean,,,1993-1997,1993
Galeomorphii,1,Carcharhinus leucas,Caribbean,,,1993-1997,1993
Galeomorphii,1,Carcharhinus leucas,Caribbean,,,1993-1997,1993
Galeomorphii,1,Carcharhinus leucas,Caribbean,,,1993-1997,1993
Galeomorphii,1,Carcharhinus leucas,Caribbean,,,1993-1997,1993
Galeomorphii,1,Carcharhinus leucas,Caribbean,,,1993-1997,1993
Galeomorphii,1,Carcharhinus leucas,Caribbean,,,1993-1997,1993
Galeomorphii,1,Carcharhinus leucas,Caribbean,,,1993-1997,1993
Galeomorphii,1,Carcharhinus leucas,Caribbean,,,1993-1997,1993
Galeomorphii,1,Carcharhinus leucas,Caribbean,,,1993-1997,1993
Galeomorphii,1,Carcharhinus leucas,Caribbean,,,1993-1997,1993
Galeomorphii,1,Carcharhinus leucas,Caribbean,,,1993-1997,1993
Galeomorphii,1,Prionace glauca,Central American coast,,,2006-2007,2006
Galeomorphii,1,Prionace glauca,Central American coast,,,2006-2007,2006
Galeomorphii,1,Prionace glauca,Central American coast,,,2006-2007,2006
Galeomorphii,1,Prionace glauca,Central American coast,,,2006-2007,2006
Galeomorphii,1,Prionace glauca,Central American coast,,,2006-2007,2006
Galeomorphii,1,Prionace glauca,Central American coast,,,2006-2007,2006
Galeomorphii,1,Prionace glauca,Central American coast,,,2006-2007,2006
Galeomorphii,1,Prionace glauca,Central American coast,,,2006-2007,2006
Galeomorphii,1,Sphyrna lewini,,,,1978-1998,1978
Galeomorphii,1,Sphyrna lewini,,,,1978-1998,1978
Galeomorphii,1,Sphyrna lewini,,,,1978-1998,1978
Galeomorphii,1,Sphyrna lewini,,,,1978-1998,1978
Galeomorphii,1,Sphyrna lewini,,,,1978-1998,1978
Galeomorphii,1,Sphyrna lewini,,,,1978-1998,1978
Galeomorphii,1,Sphyrna lewini,,,,1978-1998,1978
Galeomorphii,1,Sphyrna lewini,,,,1978-1998,1978
Galeomorphii,1,Sphyrna lewini,,,,1978-1998,1978
Galeomorphii,1,Sphyrna lewini,,,,1978-1998,1978
Galeomorphii,1,Sphyrna lewini,,,,1978-1998,1978
Galeomorphii,1,Sphyrna lewini,,,,1978-1998,1978
Galeomorphii,1,Sphyrna lewini,,,,1978-1998,1978
Galeomorphii,1,Sphyrna lewini,,,,1978-1998,1978
Galeomorphii,1,Sphyrna lewini,,,,1978-1998,1978
Galeomorphii,1,Sphyrna lewini,,,,1978-1998,1978
Galeomorphii,1,Sphyrna lewini,,,,1978-1998,1978
Galeomorphii,1,Eusphyra blochii,Eastern India coast,,,1976 - 1977,1976
Galeomorphii,1,Eusphyra blochii,Eastern India coast,,,1976 - 1977,1976
Galeomorphii,1,Eusphyra blochii,Eastern India coast,,,1976 - 1977,1976
Galeomorphii,1,Eusphyra blochii,Eastern India coast,,,1976 - 1977,1976
Galeomorphii,1,Eusphyra blochii,Eastern India coast,,,1976 - 1977,1976
Galeomorphii,1,Eusphyra blochii,Eastern India coast,,,1976 - 1977,1976
Galeomorphii,1,Eusphyra blochii,Eastern India coast,,,1976 - 1977,1976
Galeomorphii,1,Eusphyra blochii,Eastern India coast,,,1976 - 1977,1976
Galeomorphii,1,Eusphyra blochii,Eastern India coast,,,1976 - 1977,1976
Galeomorphii,1,Nasolamia velox,Central American coast,,,1996-2001,1996
Galeomorphii,1,Nasolamia velox,Central American coast,,,1996-2001,1996
Galeomorphii,1,Nasolamia velox,Central American coast,,,1996-2001,1996
Galeomorphii,1,Nasolamia velox,Central American coast,,,1996-2001,1996
Galeomorphii,1,Nasolamia velox,Central American coast,,,1996-2001,1996
Galeomorphii,1,Nasolamia velox,Central American coast,,,1996-2001,1996
Galeomorphii,1,Nasolamia velox,Central American coast,,,1996-2001,1996
Galeomorphii,1,Nasolamia velox,Central American coast,,,1996-2001,1996
Galeomorphii,1,Nasolamia velox,Central American coast,,,1996-2001,1996
Galeomorphii,1,Nasolamia velox,Central American coast,,,1996-2001,1996
Galeomorphii,1,Nasolamia velox,Central American coast,,,1996-2001,1996
Galeomorphii,1,Nasolamia velox,Central American coast,,,1996-2001,1996
Galeomorphii,1,Nasolamia velox,Central American coast,,,1996-2001,1996
Galeomorphii,1,Nasolamia velox,Central American coast,,,1996-2001,1996
Galeomorphii,1,Nasolamia velox,Central American coast,,,1996-2001,1996
Galeomorphii,1,Nasolamia velox,Central American coast,,,1996-2001,1996
Galeomorphii,1,Nasolamia velox,Central American coast,,,1996-2001,1996
Galeomorphii,1,Nasolamia velox,Central American coast,,,1996-2001,1996
Galeomorphii,1,Nasolamia velox,Central American coast,,,1996-2001,1996
Galeomorphii,1,Sphyrna lewini,Sunda-Arafura shelves,,,2001-2006,2001
Galeomorphii,1,Sphyrna lewini,Sunda-Arafura shelves,,,2001-2006,2001
Galeomorphii,1,Sphyrna lewini,Sunda-Arafura shelves,,,2001-2006,2001
Galeomorphii,1,Sphyrna lewini,Sunda-Arafura shelves,,,2001-2006,2001
Galeomorphii,1,Sphyrna lewini,Sunda-Arafura shelves,,,2001-2006,2001
Galeomorphii,1,Sphyrna lewini,Sunda-Arafura shelves,,,2001-2006,2001
Galeomorphii,1,Sphyrna lewini,Sunda-Arafura shelves,,,2001-2006,2001
Galeomorphii,1,Sphyrna lewini,Sunda-Arafura shelves,,,2001-2006,2001
Galeomorphii,1,Sphyrna lewini,Sunda-Arafura shelves,,,2001-2006,2001
Galeomorphii,1,Sphyrna lewini,Sunda-Arafura shelves,,,2001-2006,2001
Galeomorphii,1,Sphyrna lewini,Sunda-Arafura shelves,,,2001-2006,2001
Galeomorphii,1,Sphyrna lewini,Sunda-Arafura shelves,,,2001-2006,2001
Galeomorphii,1,Sphyrna lewini,Sunda-Arafura shelves,,,2001-2006,2001
Galeomorphii,1,Sphyrna lewini,Sunda-Arafura shelves,,,2001-2006,2001
Galeomorphii,1,Sphyrna lewini,Sunda-Arafura shelves,,,2001-2006,2001
Galeomorphii,1,Sphyrna lewini,Sunda-Arafura shelves,,,2001-2006,2001
Galeomorphii,1,Sphyrna lewini,Sunda-Arafura shelves,,,2001-2006,2001
Galeomorphii,1,Sphyrna lewini,Sunda-Arafura shelves,,,2001-2006,2001
Galeomorphii,1,Sphyrna lewini,Sunda-Arafura shelves,,,2001-2006,2001
Galeomorphii,1,Sphyrna lewini,Sunda-Arafura shelves,,,2001-2006,2001
Galeomorphii,1,Sphyrna lewini,Sunda-Arafura shelves,,,2001-2006,2001
Galeomorphii,1,Sphyrna lewini,Sunda-Arafura shelves,,,2001-2006,2001
Galeomorphii,1,Sphyrna lewini,Sunda-Arafura shelves,,,2001-2006,2001
Galeomorphii,1,Sphyrna lewini,Sunda-Arafura shelves,,,2001-2006,2001
Galeomorphii,1,Sphyrna lewini,Sunda-Arafura shelves,,,2001-2006,2001
Galeomorphii,1,Sphyrna lewini,Sunda-Arafura shelves,,,2001-2006,2001
Galeomorphii,1,Sphyrna lewini,Sunda-Arafura shelves,,,2001-2006,2001
Galeomorphii,1,Sphyrna lewini,Sunda-Arafura shelves,,,2001-2006,2001
Galeomorphii,1,Sphyrna lewini,Sunda-Arafura shelves,,,2001-2006,2001
Galeomorphii,1,Sphyrna lewini,Sunda-Arafura shelves,,,2001-2006,2001
Galeomorphii,1,Sphyrna lewini,Sunda-Arafura shelves,,,2001-2006,2001
Galeomorphii,1,Sphyrna lewini,Sunda-Arafura shelves,,,2001-2006,2001
Galeomorphii,1,Sphyrna lewini,Sunda-Arafura shelves,,,2001-2006,2001
Galeomorphii,1,Sphyrna lewini,Sunda-Arafura shelves,,,2001-2006,2001
Galeomorphii,1,Sphyrna lewini,Sunda-Arafura shelves,,,2001-2006,2001
Galeomorphii,1,Sphyrna lewini,Sunda-Arafura shelves,,,2001-2006,2001
Galeomorphii,1,Sphyrna lewini,Sunda-Arafura shelves,,,2001-2006,2001
Galeomorphii,1,Sphyrna lewini,Sunda-Arafura shelves,,,2001-2006,2001
Galeomorphii,1,Sphyrna lewini,Sunda-Arafura shelves,,,2001-2006,2001
Galeomorphii,1,Sphyrna lewini,Sunda-Arafura shelves,,,2001-2006,2001
Galeomorphii,1,Sphyrna lewini,Sunda-Arafura shelves,,,2001-2006,2001
Galeomorphii,1,Sphyrna lewini,Sunda-Arafura shelves,,,2001-2006,2001
Galeomorphii,1,Sphyrna lewini,Sunda-Arafura shelves,,,2001-2006,2001
Galeomorphii,1,Sphyrna lewini,Sunda-Arafura shelves,,,2001-2006,2001
Galeomorphii,1,Sphyrna lewini,Sunda-Arafura shelves,,,2001-2006,2001
Galeomorphii,1,Sphyrna lewini,Sunda-Arafura shelves,,,2001-2006,2001
Galeomorphii,1,Sphyrna lewini,Sunda-Arafura shelves,,,2001-2006,2001
Galeomorphii,1,Sphyrna lewini,Sunda-Arafura shelves,,,2001-2006,2001
Galeomorphii,1,Sphyrna lewini,Sunda-Arafura shelves,,,2001-2006,2001
Galeomorphii,1,Sphyrna lewini,Sunda-Arafura shelves,,,2001-2006,2001
Galeomorphii,1,Sphyrna lewini,Sunda-Arafura shelves,,,2001-2006,2001
Galeomorphii,1,Sphyrna lewini,Sunda-Arafura shelves,,,2001-2006,2001
Galeomorphii,1,Sphyrna lewini,Sunda-Arafura shelves,,,2001-2006,2001
Galeomorphii,1,Sphyrna lewini,Sunda-Arafura shelves,,,2001-2006,2001
Galeomorphii,1,Sphyrna lewini,Sunda-Arafura shelves,,,2001-2006,2001
Galeomorphii,1,Sphyrna lewini,Sunda-Arafura shelves,,,2001-2006,2001
Galeomorphii,1,Sphyrna lewini,Sunda-Arafura shelves,,,2001-2006,2001
Galeomorphii,1,Sphyrna lewini,Sunda-Arafura shelves,,,2001-2006,2001
Galeomorphii,1,Sphyrna lewini,Sunda-Arafura shelves,,,2001-2006,2001
Galeomorphii,1,Sphyrna lewini,Sunda-Arafura shelves,,,2001-2006,2001
Galeomorphii,1,Sphyrna lewini,Sunda-Arafura shelves,,,2001-2006,2001
Galeomorphii,1,Sphyrna lewini,Sunda-Arafura shelves,,,2001-2006,2001
Galeomorphii,1,Sphyrna lewini,Sunda-Arafura shelves,,,2001-2006,2001
Galeomorphii,1,Sphyrna lewini,Sunda-Arafura shelves,,,2001-2006,2001
Galeomorphii,1,Sphyrna lewini,Sunda-Arafura shelves,,,2001-2006,2001
Galeomorphii,1,Carcharhinus acronotus,Northwest Atlantic shelves,,,1998-2001,1998
Galeomorphii,1,Carcharhinus acronotus,Northwest Atlantic shelves,,,1998-2001,1998
Galeomorphii,1,Carcharhinus acronotus,Northwest Atlantic shelves,,,1998-2001,1998
Galeomorphii,1,Carcharhinus acronotus,Northwest Atlantic shelves,,,1998-2001,1998
Galeomorphii,1,Carcharhinus acronotus,Northwest Atlantic shelves,,,1998-2001,1998
Galeomorphii,1,Carcharhinus acronotus,Northwest Atlantic shelves,,,1998-2001,1998
Galeomorphii,1,Carcharhinus acronotus,Northwest Atlantic shelves,,,1998-2001,1998
Galeomorphii,1,Carcharhinus acronotus,Northwest Atlantic shelves,,,1998-2001,1998
Galeomorphii,1,Carcharhinus acronotus,Northwest Atlantic shelves,,,1998-2001,1998
Galeomorphii,1,Carcharhinus acronotus,Northwest Atlantic shelves,,,1998-2001,1998
Galeomorphii,1,Carcharhinus acronotus,Northwest Atlantic shelves,,,1998-2001,1998
Galeomorphii,1,Carcharhinus acronotus,Northwest Atlantic shelves,,,1998-2001,1998
Galeomorphii,1,Carcharhinus acronotus,Northwest Atlantic shelves,,,1998-2001,1998
Galeomorphii,1,Carcharhinus acronotus,Northwest Atlantic shelves,,,1998-2001,1998
Galeomorphii,1,Carcharhinus acronotus,Northwest Atlantic shelves,,,1998-2001,1998
Galeomorphii,1,Carcharhinus acronotus,Northwest Atlantic shelves,,,1998-2001,1998
Galeomorphii,1,Carcharhinus acronotus,Northwest Atlantic shelves,,,1998-2001,1998
Galeomorphii,1,Carcharhinus acronotus,Northwest Atlantic shelves,,,1998-2001,1998
Galeomorphii,1,Carcharhinus acronotus,Northwest Atlantic shelves,,,1998-2001,1998
Galeomorphii,1,Carcharhinus acronotus,Northwest Atlantic shelves,,,1998-2001,1998
Galeomorphii,1,Carcharhinus acronotus,Northwest Atlantic shelves,,,1998-2001,1998
Galeomorphii,1,Carcharhinus acronotus,Northwest Atlantic shelves,,,1998-2001,1998
Galeomorphii,1,Carcharhinus acronotus,Northwest Atlantic shelves,,,1998-2001,1998
Galeomorphii,1,Mustelus lunulatus,Central American coast,,,2003-2004,2003
Galeomorphii,1,Mustelus lunulatus,Central American coast,,,2003-2004,2003
Galeomorphii,1,Mustelus lunulatus,Central American coast,,,2003-2004,2003
Galeomorphii,1,Mustelus lunulatus,Central American coast,,,2003-2004,2003
Galeomorphii,1,Mustelus lunulatus,Central American coast,,,2003-2004,2003
Galeomorphii,1,Mustelus lunulatus,Central American coast,,,2003-2004,2003
Galeomorphii,1,Mustelus lunulatus,Central American coast,,,2003-2004,2003
Galeomorphii,1,Mustelus lunulatus,Central American coast,,,2003-2004,2003
Galeomorphii,1,Mustelus lunulatus,Central American coast,,,2003-2004,2003
Galeomorphii,1,Mustelus lunulatus,Central American coast,,,2003-2004,2003
Galeomorphii,1,Mustelus lunulatus,Central American coast,,,2003-2004,2003
Galeomorphii,1,Mustelus lunulatus,Central American coast,,,2003-2004,2003
Galeomorphii,1,Mustelus lunulatus,Central American coast,,,2003-2004,2003
Galeomorphii,1,Mustelus lunulatus,Central American coast,,,2003-2004,2003
Galeomorphii,1,Mustelus lunulatus,Central American coast,,,2003-2004,2003
Galeomorphii,1,Sphyrna mokarran,,,,1978-1993,1978
Galeomorphii,1,Carcharhinus brevipinna,Caribbean,,,1993-1998,1993
Galeomorphii,1,Carcharhinus brevipinna,Caribbean,,,1993-1998,1993
Galeomorphii,1,Carcharhinus brevipinna,Caribbean,,,1993-1998,1993
Galeomorphii,1,Carcharhinus brevipinna,Caribbean,,,1993-1998,1993
Galeomorphii,1,Carcharhinus brevipinna,Caribbean,,,1993-1998,1993
Galeomorphii,1,Carcharhinus brevipinna,Caribbean,,,1993-1998,1993
Galeomorphii,1,Carcharhinus brevipinna,Caribbean,,,1993-1998,1993
Galeomorphii,1,Carcharhinus brevipinna,Caribbean,,,1993-1998,1993
Galeomorphii,1,Carcharhinus brevipinna,Caribbean,,,1993-1998,1993
Galeomorphii,1,Carcharhinus brevipinna,Caribbean,,,1993-1998,1993
Galeomorphii,1,Carcharhinus falciformis,Central American coast,,,2004-2006,2004
Galeomorphii,1,Carcharhinus falciformis,Central American coast,,,2004-2006,2004
Galeomorphii,1,Carcharhinus falciformis,Central American coast,,,2004-2006,2004
Galeomorphii,1,Carcharhinus falciformis,Central American coast,,,2004-2006,2004
Galeomorphii,1,Carcharhinus falciformis,Central American coast,,,2004-2006,2004
Galeomorphii,1,Carcharhinus falciformis,Central American coast,,,2004-2006,2004
Galeomorphii,1,Carcharhinus falciformis,Central American coast,,,2004-2006,2004
Galeomorphii,1,Sphyrna zygaena,Coastal Californian current,,,2000-202,2000
Galeomorphii,1,Sphyrna zygaena,Coastal Californian current,,,2000-202,2000
Galeomorphii,1,Sphyrna zygaena,Coastal Californian current,,,2000-202,2000
Galeomorphii,1,Sphyrna zygaena,Coastal Californian current,,,2000-202,2000
Galeomorphii,1,Sphyrna zygaena,Coastal Californian current,,,2000-202,2000
Galeomorphii,1,Sphyrna zygaena,Coastal Californian current,,,2000-202,2000
Galeomorphii,1,Sphyrna zygaena,Coastal Californian current,,,2000-202,2000
Galeomorphii,1,Sphyrna zygaena,Coastal Californian current,,,2000-202,2000
Galeomorphii,1,Sphyrna zygaena,Coastal Californian current,,,2000-202,2000
Galeomorphii,1,Sphyrna zygaena,Coastal Californian current,,,2000-202,2000
Galeomorphii,1,Sphyrna zygaena,Coastal Californian current,,,2000-202,2000
Galeomorphii,1,Sphyrna zygaena,Coastal Californian current,,,2000-202,2000
Galeomorphii,1,Sphyrna zygaena,Coastal Californian current,,,2000-202,2000
Galeomorphii,1,Sphyrna zygaena,Coastal Californian current,,,2000-202,2000
Galeomorphii,1,Sphyrna zygaena,Coastal Californian current,,,2000-203,2000
Galeomorphii,1,Sphyrna zygaena,Coastal Californian current,,,2000-202,2000
Galeomorphii,1,Sphyrna zygaena,Coastal Californian current,,,2000-202,2000
Galeomorphii,1,Sphyrna zygaena,Coastal Californian current,,,2000-202,2000
Galeomorphii,1,Sphyrna zygaena,Coastal Californian current,,,2000-202,2000
Galeomorphii,1,Sphyrna zygaena,Coastal Californian current,,,2000-202,2000
Galeomorphii,1,Sphyrna zygaena,Coastal Californian current,,,2000-204,2000
Galeomorphii,1,Sphyrna mokarran,East Australian coast,,,2005- 2010,2005
Galeomorphii,1,Sphyrna mokarran,East Australian coast,,,2005- 2010,2005
Galeomorphii,1,Sphyrna mokarran,East Australian coast,,,2005- 2010,2005
Galeomorphii,1,Sphyrna mokarran,East Australian coast,,,2005- 2010,2005
Galeomorphii,1,Sphyrna mokarran,East Australian coast,,,2005- 2010,2005
Galeomorphii,1,Sphyrna mokarran,East Australian coast,,,2005- 2010,2005
Galeomorphii,1,Sphyrna mokarran,East Australian coast,,,2005- 2010,2005
Galeomorphii,1,Sphyrna mokarran,East Australian coast,,,2005- 2010,2005
Galeomorphii,1,Sphyrna lewini,East Australian coast,,,2005- 2010,2005
Galeomorphii,1,Sphyrna lewini,East Australian coast,,,2005- 2010,2005
Galeomorphii,1,Sphyrna lewini,East Australian coast,,,2005- 2010,2005
Galeomorphii,1,Sphyrna lewini,East Australian coast,,,2005- 2010,2005
Galeomorphii,1,Sphyrna lewini,East Australian coast,,,2005- 2010,2005
Galeomorphii,1,Sphyrna lewini,East Australian coast,,,2005- 2010,2005
Galeomorphii,1,Sphyrna lewini,East Australian coast,,,2005- 2010,2005
Galeomorphii,1,Sphyrna lewini,East Australian coast,,,2005- 2010,2005
Galeomorphii,1,Sphyrna lewini,East Australian coast,,,2005- 2010,2005
Galeomorphii,1,Sphyrna lewini,East Australian coast,,,2005- 2010,2005
Galeomorphii,1,Sphyrna lewini,East Australian coast,,,2005- 2010,2005
Galeomorphii,1,Sphyrna lewini,East Australian coast,,,2005- 2010,2005
Galeomorphii,1,Sphyrna lewini,East Australian coast,,,2005- 2010,2005
Galeomorphii,1,Sphyrna lewini,East Australian coast,,,2005- 2010,2005
Galeomorphii,1,Sphyrna lewini,East Australian coast,,,2005- 2010,2005
Galeomorphii,1,Sphyrna mokarran,East Australian coast,,,2005- 2010,2005
Galeomorphii,1,Sphyrna mokarran,East Australian coast,,,2005- 2010,2005
Galeomorphii,1,Sphyrna mokarran,East Australian coast,,,2005- 2010,2005
Galeomorphii,1,Sphyrna mokarran,East Australian coast,,,2005- 2010,2005
Galeomorphii,1,Sphyrna mokarran,East Australian coast,,,2005- 2010,2005
Galeomorphii,1,Sphyrna mokarran,East Australian coast,,,2005- 2010,2005
Galeomorphii,1,Sphyrna mokarran,East Australian coast,,,2005- 2010,2005
Galeomorphii,1,Sphyrna mokarran,East Australian coast,,,2005- 2010,2005
Galeomorphii,1,Sphyrna lewini,East Australian coast,,,2005- 2010,2005
Galeomorphii,1,Sphyrna lewini,East Australian coast,,,2005- 2010,2005
Galeomorphii,1,Sphyrna lewini,East Australian coast,,,2005- 2010,2005
Galeomorphii,1,Sphyrna lewini,East Australian coast,,,2005- 2010,2005
Galeomorphii,1,Sphyrna mokarran,East Australian coast,,,2005- 2010,2005
Galeomorphii,1,Sphyrna mokarran,East Australian coast,,,2005- 2010,2005
Galeomorphii,1,Sphyrna mokarran,East Australian coast,,,2005- 2010,2005
Galeomorphii,1,Sphyrna mokarran,East Australian coast,,,2005- 2010,2005
Galeomorphii,1,Sphyrna mokarran,East Australian coast,,,2005- 2010,2005
Galeomorphii,1,Sphyrna mokarran,East Australian coast,,,2005- 2010,2005
Galeomorphii,1,Sphyrna mokarran,East Australian coast,,,2005- 2010,2005
Galeomorphii,1,Sphyrna mokarran,East Australian coast,,,2005- 2010,2005
Galeomorphii,1,Sphyrna mokarran,East Australian coast,,,2005- 2010,2005
Galeomorphii,1,Sphyrna mokarran,East Australian coast,,,2005- 2010,2005
Galeomorphii,1,Sphyrna mokarran,East Australian coast,,,2005- 2010,2005
Galeomorphii,1,Sphyrna lewini,East Australian coast,,,2005- 2010,2005
Galeomorphii,1,Sphyrna lewini,East Australian coast,,,2005- 2010,2005
Galeomorphii,1,Sphyrna lewini,East Australian coast,,,2005- 2010,2005
Galeomorphii,1,Sphyrna lewini,East Australian coast,,,2005- 2010,2005
Galeomorphii,1,Sphyrna lewini,East Australian coast,,,2005- 2010,2005
Galeomorphii,1,Sphyrna lewini,East Australian coast,,,2005- 2010,2005
Galeomorphii,1,Eusphyra blochii,East Australian coast,,,2007 - 2010,2007
Galeomorphii,1,Eusphyra blochii,East Australian coast,,,2007 - 2010,2007
Galeomorphii,1,Hemipristis elongata,East Australian coast,,,2007 - 2010,2007
Galeomorphii,1,Hemipristis elongata,East Australian coast,,,2007 - 2010,2007
Galeomorphii,1,Carcharhinus falciformis,Coastal Californian current,,,2000-2002,2000
Galeomorphii,1,Carcharhinus falciformis,Coastal Californian current,,,2000-2002,2000
Galeomorphii,1,Carcharhinus falciformis,Coastal Californian current,,,2000-2002,2000
Galeomorphii,1,Carcharhinus falciformis,Coastal Californian current,,,2000-2002,2000
Galeomorphii,1,Carcharhinus falciformis,Coastal Californian current,,,2000-2002,2000
Galeomorphii,1,Carcharhinus falciformis,Coastal Californian current,,,2000-2002,2000
Galeomorphii,1,Carcharhinus falciformis,Coastal Californian current,,,2000-2002,2000
Galeomorphii,1,Carcharhinus falciformis,Coastal Californian current,,,2000-2002,2000
Galeomorphii,1,Rhizoprionodon longurio,Central American coast,,,2003-2004,2003
Galeomorphii,1,Rhizoprionodon longurio,Central American coast,,,2003-2004,2003
Galeomorphii,1,Rhizoprionodon longurio,Central American coast,,,2003-2004,2003
Galeomorphii,1,Rhizoprionodon longurio,Central American coast,,,2003-2004,2003
Galeomorphii,1,Rhizoprionodon longurio,Central American coast,,,2003-2004,2003
Galeomorphii,1,Rhizoprionodon longurio,Central American coast,,,2003-2004,2003
Galeomorphii,1,Rhizoprionodon longurio,Central American coast,,,2003-2004,2003
Galeomorphii,1,Rhizoprionodon longurio,Central American coast,,,2003-2004,2003
Galeomorphii,1,Rhizoprionodon longurio,Central American coast,,,2003-2004,2003
Galeomorphii,1,Rhizoprionodon longurio,Central American coast,,,2003-2004,2003
Galeomorphii,1,Rhizoprionodon longurio,Central American coast,,,1987-1999,1987
Galeomorphii,1,Rhizoprionodon longurio,Central American coast,,,1987-1999,1987
Galeomorphii,1,Rhizoprionodon longurio,Central American coast,,,1987-1999,1987
Galeomorphii,1,Rhizoprionodon longurio,Central American coast,,,1987-1999,1987
Galeomorphii,1,Rhizoprionodon longurio,Central American coast,,,1987-1999,1987
Galeomorphii,1,Rhizoprionodon longurio,Central American coast,,,1987-1999,1987
Galeomorphii,1,Rhizoprionodon longurio,Central American coast,,,1987-1999,1987
Galeomorphii,1,Rhizoprionodon longurio,Central American coast,,,1987-1999,1987
Galeomorphii,1,Rhizoprionodon longurio,Central American coast,,,1987-1999,1987
Galeomorphii,1,Rhizoprionodon longurio,Central American coast,,,1987-1999,1987
Galeomorphii,1,Rhizoprionodon longurio,Central American coast,,,1987-1999,1987
Galeomorphii,1,Rhizoprionodon longurio,Central American coast,,,1987-1999,1987
Galeomorphii,1,Rhizoprionodon longurio,Central American coast,,,1987-1999,1987
Galeomorphii,1,Rhizoprionodon longurio,Central American coast,,,1987-1999,1987
Galeomorphii,1,Rhizoprionodon longurio,Central American coast,,,1987-1999,1987
Galeomorphii,1,Galeus piperatus,Central American coast,,,1971-1972,1971
Galeomorphii,1,Galeus piperatus,Central American coast,,,1971-1972,1971
Galeomorphii,1,Galeus piperatus,Central American coast,,,1971-1972,1971
Galeomorphii,1,Rhizoprionodon longurio,Central American coast,,,2004-2006,2004
Galeomorphii,1,Rhizoprionodon longurio,Central American coast,,,2004-2006,2004
Galeomorphii,1,Rhizoprionodon longurio,Central American coast,,,2004-2006,2004
Galeomorphii,1,Rhizoprionodon longurio,Central American coast,,,2004-2006,2004
Galeomorphii,1,Rhizoprionodon longurio,Central American coast,,,2004-2006,2004
Galeomorphii,1,Rhizoprionodon longurio,Central American coast,,,2004-2006,2004
Galeomorphii,1,Mustelus henlei,Central American coast,,,2003-2004,2003
Galeomorphii,1,Mustelus henlei,Central American coast,,,2003-2004,2003
Galeomorphii,1,Mustelus henlei,Central American coast,,,2003-2004,2003
Galeomorphii,1,Mustelus henlei,Central American coast,,,2003-2004,2003
Galeomorphii,1,Mustelus henlei,Central American coast,,,2003-2004,2003
Galeomorphii,1,Mustelus henlei,Central American coast,,,2003-2004,2003
Galeomorphii,1,Mustelus henlei,Central American coast,,,2003-2004,2003
Galeomorphii,1,Mustelus henlei,Central American coast,,,2003-2004,2003
Galeomorphii,1,Mustelus henlei,Central American coast,,,2003-2004,2003
Galeomorphii,1,Mustelus henlei,Central American coast,,,2003-2004,2003
Galeomorphii,1,Mustelus henlei,Central American coast,,,2003-2004,2003
Galeomorphii,1,Mustelus henlei,Central American coast,,,2003-2004,2003
Galeomorphii,1,Mustelus henlei,Central American coast,,,2003-2004,2003
Galeomorphii,1,Mustelus henlei,Central American coast,,,2003-2004,2003
Galeomorphii,1,Mustelus henlei,Central American coast,,,2003-2004,2003
Galeomorphii,1,Mustelus henlei,Central American coast,,,2003-2004,2003
Galeomorphii,1,Mustelus henlei,Central American coast,,,2003-2004,2003
Galeomorphii,1,Mustelus henlei,Central American coast,,,2003-2004,2003
Galeomorphii,1,Mustelus henlei,Central American coast,,,2003-2004,2003
Galeomorphii,1,Alopias vulpinus,Central American coast,,,1986-1987,1986
Galeomorphii,1,Carcharhinus limbatus,Central American coast,,,1986-1987,1986
Galeomorphii,1,Alopias vulpinus,Central American coast,,,1986-1987,1986
Galeomorphii,1,Alopias vulpinus,Central American coast,,,1986-1987,1986
Galeomorphii,1,Alopias vulpinus,Central American coast,,,1986-1987,1986
Galeomorphii,1,Carcharhinus limbatus,Central American coast,,,1986-1987,1986
Galeomorphii,1,Carcharhinus limbatus,Central American coast,,,1986-1987,1986
Galeomorphii,1,Carcharhinus limbatus,Central American coast,,,1986-1987,1986
Galeomorphii,1,Alopias vulpinus,Central American coast,,,1986-1987,1986
Galeomorphii,1,Carcharhinus limbatus,Central American coast,,,1986-1987,1986
Galeomorphii,1,Alopias vulpinus,Central American coast,,,1986-1987,1986
Galeomorphii,1,Carcharhinus limbatus,Central American coast,,,1986-1987,1986
Galeomorphii,1,Alopias vulpinus,Central American coast,,,1986-1987,1986
Galeomorphii,1,Carcharhinus limbatus,Central American coast,,,1986-1987,1986
Galeomorphii,1,Alopias vulpinus,Central American coast,,,1986-1987,1986
Galeomorphii,1,Carcharhinus limbatus,Central American coast,,,1986-1987,1986
Galeomorphii,1,Alopias vulpinus,Central American coast,,,1986-1987,1986
Galeomorphii,1,Alopias vulpinus,Central American coast,,,1986-1987,1986
Galeomorphii,1,Alopias vulpinus,Central American coast,,,1986-1987,1986
Galeomorphii,1,Alopias vulpinus,Central American coast,,,1986-1987,1986
Galeomorphii,1,Alopias vulpinus,Central American coast,,,1986-1987,1986
Galeomorphii,1,Alopias vulpinus,Central American coast,,,1986-1987,1986
Galeomorphii,1,Alopias vulpinus,Central American coast,,,1986-1987,1986
Galeomorphii,1,Alopias vulpinus,Central American coast,,,1986-1987,1986
Galeomorphii,1,Alopias vulpinus,Central American coast,,,1986-1987,1986
Galeomorphii,1,Carcharhinus limbatus,Central American coast,,,1986-1987,1986
Galeomorphii,1,Carcharhinus limbatus,Central American coast,,,1986-1987,1986
Galeomorphii,1,Carcharhinus limbatus,Central American coast,,,1986-1987,1986
Galeomorphii,1,Carcharhinus limbatus,Central American coast,,,1986-1987,1986
Galeomorphii,1,Carcharhinus limbatus,Central American coast,,,1986-1987,1986
Galeomorphii,1,Carcharhinus limbatus,Central American coast,,,1986-1987,1986
Galeomorphii,1,Carcharhinus limbatus,Central American coast,,,1986-1987,1986
Galeomorphii,1,Carcharhinus limbatus,Central American coast,,,1986-1987,1986
Galeomorphii,1,Carcharhinus limbatus,Central American coast,,,1986-1987,1986
Galeomorphii,1,Carcharhinus falciformis,Central American coast,,,2007-2011,2007
Galeomorphii,1,Carcharhinus falciformis,Central American coast,,,2007-2011,2007
Galeomorphii,1,Carcharhinus falciformis,Central American coast,,,2007-2011,2007
Galeomorphii,1,Carcharhinus falciformis,Central American coast,,,2007-2011,2007
Galeomorphii,1,Carcharhinus falciformis,Central American coast,,,2007-2011,2007
Galeomorphii,1,Carcharhinus falciformis,Central American coast,,,2007-2011,2007
Galeomorphii,1,Carcharhinus falciformis,Central American coast,,,2007-2011,2007
Galeomorphii,1,Carcharhinus falciformis,Central American coast,,,2007-2011,2007
Galeomorphii,1,Carcharhinus falciformis,Central American coast,,,2007-2011,2007
Galeomorphii,1,Chaenogaleus macrostoma,"Red Sea, Persian Gulf",,,2012,2012
Galeomorphii,1,Chaenogaleus macrostoma,"Red Sea, Persian Gulf",,,2012,2012
Galeomorphii,1,Chaenogaleus macrostoma,"Red Sea, Persian Gulf",,,2012,2012
Galeomorphii,1,Sphyrna zygaena,Central American coast,,,1995-2000,1995
Galeomorphii,1,Sphyrna zygaena,Central American coast,,,1995-2000,1995
Galeomorphii,1,Sphyrna zygaena,Central American coast,,,1995-2000,1995
Galeomorphii,1,Sphyrna zygaena,Central American coast,,,1995-2000,1995
Galeomorphii,1,Sphyrna tiburo,Caribbean,,,1993-1994,1993
Galeomorphii,1,Sphyrna tiburo,Caribbean,,,1993-1994,1993
Galeomorphii,1,Sphyrna tiburo,Caribbean,,,1993-1994,1993
Galeomorphii,1,Sphyrna tiburo,Caribbean,,,1993-1994,1993
Galeomorphii,1,Alopias pelagicus,Central American coast,,,1995-1996,1995
Galeomorphii,1,Alopias pelagicus,Central American coast,,,1995-1996,1995
Galeomorphii,1,Sphyrna zygaena,Central American coast,,,1995-1996,1995
Galeomorphii,1,Sphyrna zygaena,Central American coast,,,1995-1996,1995
Galeomorphii,1,Sphyrna lewini,Central American coast,,,1995-1996,1995
Galeomorphii,1,Sphyrna lewini,Central American coast,,,1995-1996,1995
Galeomorphii,1,Alopias pelagicus,Central American coast,,,1995-1996,1995
Galeomorphii,1,Alopias pelagicus,Central American coast,,,1995-1996,1995
Galeomorphii,1,Alopias pelagicus,Central American coast,,,1995-1996,1995
Galeomorphii,1,Alopias pelagicus,Central American coast,,,1995-1996,1995
Galeomorphii,1,Alopias pelagicus,Central American coast,,,1995-1996,1995
Galeomorphii,1,Sphyrna zygaena,Central American coast,,,1995-1996,1995
Galeomorphii,1,Sphyrna zygaena,Central American coast,,,1995-1996,1995
Galeomorphii,1,Sphyrna zygaena,Central American coast,,,1995-1996,1995
Galeomorphii,1,Sphyrna zygaena,Central American coast,,,1995-1996,1995
Galeomorphii,1,Sphyrna zygaena,Central American coast,,,1995-1996,1995
Galeomorphii,1,Sphyrna lewini,Central American coast,,,1995-1996,1995
Galeomorphii,1,Sphyrna lewini,Central American coast,,,1995-1996,1995
Galeomorphii,1,Sphyrna lewini,Central American coast,,,1995-1996,1995
Galeomorphii,1,Alopias pelagicus,Central American coast,,,1995-1996,1995
Galeomorphii,1,Alopias pelagicus,Central American coast,,,1995-1996,1995
Galeomorphii,1,Sphyrna zygaena,Central American coast,,,1995-1996,1995
Galeomorphii,1,Sphyrna zygaena,Central American coast,,,1995-1996,1995
Galeomorphii,1,Sphyrna lewini,Central American coast,,,1995-1996,1995
Galeomorphii,1,Sphyrna lewini,Central American coast,,,1995-1996,1995
Galeomorphii,1,Alopias pelagicus,Central American coast,,,1995-1996,1995
Galeomorphii,1,Alopias pelagicus,Central American coast,,,1995-1996,1995
Galeomorphii,1,Sphyrna zygaena,Central American coast,,,1995-1996,1995
Galeomorphii,1,Sphyrna zygaena,Central American coast,,,1995-1996,1995
Galeomorphii,1,Sphyrna lewini,Central American coast,,,1995-1996,1995
Galeomorphii,1,Sphyrna lewini,Central American coast,,,1995-1996,1995
Galeomorphii,1,Sphyrna mokarran,Caribbean,,,2003-2009,2003
Galeomorphii,1,Sphyrna mokarran,Caribbean,,,2003-2009,2003
Galeomorphii,1,Sphyrna mokarran,Caribbean,,,2003-2009,2003
Galeomorphii,1,Sphyrna mokarran,Caribbean,,,2003-2009,2003
Galeomorphii,1,Sphyrna mokarran,Caribbean,,,2003-2009,2003
Galeomorphii,1,Sphyrna mokarran,Caribbean,,,2003-2009,2003
Galeomorphii,1,Sphyrna mokarran,Caribbean,,,2003-2009,2003
Galeomorphii,1,Sphyrna mokarran,Caribbean,,,2003-2009,2003
Galeomorphii,1,Sphyrna mokarran,Caribbean,,,2003-2009,2003
Galeomorphii,1,Sphyrna mokarran,Caribbean,,,2003-2009,2003
Galeomorphii,1,Sphyrna mokarran,Caribbean,,,2003-2009,2003
Galeomorphii,1,Sphyrna mokarran,Caribbean,,,2003-2009,2003
Galeomorphii,1,Sphyrna mokarran,Caribbean,,,2003-2009,2003
Galeomorphii,1,Sphyrna mokarran,Caribbean,,,2003-2009,2003
Galeomorphii,1,Sphyrna mokarran,Caribbean,,,2003-2009,2003
Galeomorphii,1,Sphyrna mokarran,Caribbean,,,2003-2009,2003
Galeomorphii,1,Sphyrna mokarran,Caribbean,,,2003-2009,2003
Galeomorphii,1,Sphyrna mokarran,Caribbean,,,2003-2009,2003
Galeomorphii,1,Sphyrna mokarran,Caribbean,,,2003-2009,2003
Galeomorphii,1,Sphyrna mokarran,Caribbean,,,2003-2009,2003
Galeomorphii,1,Sphyrna mokarran,Caribbean,,,2003-2009,2003
Galeomorphii,1,Sphyrna mokarran,Caribbean,,,2003-2009,2003
Galeomorphii,1,Sphyrna mokarran,Caribbean,,,2003-2009,2003
Galeomorphii,1,Sphyrna mokarran,Caribbean,,,2003-2009,2003
Galeomorphii,1,Sphyrna mokarran,Caribbean,,,2003-2009,2003
Galeomorphii,1,Sphyrna mokarran,Caribbean,,,2003-2009,2003
Galeomorphii,1,Sphyrna mokarran,Caribbean,,,2003-2009,2003
Galeomorphii,1,Sphyrna mokarran,Caribbean,,,2003-2009,2003
Galeomorphii,1,Sphyrna mokarran,Caribbean,,,2003-2009,2003
Galeomorphii,1,Chaenogaleus macrostoma,"Red Sea, Persian Gulf",,,2014,2014
Galeomorphii,1,Chaenogaleus macrostoma,"Red Sea, Persian Gulf",,,2014,2014
Galeomorphii,1,Chaenogaleus macrostoma,"Red Sea, Persian Gulf",,,2014,2014
Galeomorphii,1,Chaenogaleus macrostoma,"Red Sea, Persian Gulf",,,2014,2014
Galeomorphii,1,Chaenogaleus macrostoma,"Red Sea, Persian Gulf",,,2014,2014
Galeomorphii,1,Isurus oxyrinchus,Coastal Californian current,,,200-2003,200-
Galeomorphii,1,Isurus oxyrinchus,Coastal Californian current,,,200-2003,200-
Galeomorphii,1,Isurus oxyrinchus,Coastal Californian current,,,200-2003,200-
Galeomorphii,1,Isurus oxyrinchus,Coastal Californian current,,,200-2003,200-
Galeomorphii,1,Isurus oxyrinchus,Coastal Californian current,,,200-2003,200-
Galeomorphii,1,Isurus oxyrinchus,Coastal Californian current,,,200-2003,200-
Galeomorphii,1,Isurus oxyrinchus,Coastal Californian current,,,200-2003,200-
Galeomorphii,1,Isurus oxyrinchus,Coastal Californian current,,,200-2003,200-
Galeomorphii,1,Isurus oxyrinchus,Coastal Californian current,,,2000-2003/2008-2016,2000
Galeomorphii,1,Isurus oxyrinchus,Coastal Californian current,,,2000-2003/2008-2016,2000
Galeomorphii,1,Isurus oxyrinchus,Coastal Californian current,,,2000-2003/2008-2016,2000
Galeomorphii,1,Isurus oxyrinchus,Coastal Californian current,,,2000-2003/2008-2016,2000
Galeomorphii,1,Isurus oxyrinchus,Coastal Californian current,,,2000-2003/2008-2016,2000
Galeomorphii,1,Isurus oxyrinchus,Coastal Californian current,,,2000-2003/2008-2016,2000
Galeomorphii,1,Isurus oxyrinchus,Coastal Californian current,,,2000-2003/2008-2016,2000
Galeomorphii,1,Isurus oxyrinchus,Coastal Californian current,,,2000-2003/2008-2016,2000
Galeomorphii,1,Isurus oxyrinchus,Coastal Californian current,,,2000-2003/2008-2016,2000
Galeomorphii,1,Isurus oxyrinchus,Coastal Californian current,,,2000-2003/2008-2016,2000
Galeomorphii,1,Isurus oxyrinchus,Coastal Californian current,,,2000-2003/2008-2016,2000
Galeomorphii,1,Isurus oxyrinchus,Coastal Californian current,,,2000-2003/2008-2016,2000
Galeomorphii,1,Isurus oxyrinchus,Coastal Californian current,,,2000-2003/2008-2016,2000
Galeomorphii,1,Isurus oxyrinchus,Coastal Californian current,,,2000-2003/2008-2016,2000
Galeomorphii,1,Isurus oxyrinchus,Coastal Californian current,,,2000-2003/2008-2016,2000
Galeomorphii,1,Isurus oxyrinchus,Coastal Californian current,,,2000-2003/2008-2016,2000
Galeomorphii,1,Isurus oxyrinchus,Coastal Californian current,,,2000-2003/2008-2016,2000
Galeomorphii,1,Isurus oxyrinchus,Coastal Californian current,,,2000-2003/2008-2016,2000
Galeomorphii,1,Isurus oxyrinchus,Coastal Californian current,,,2000-2003/2008-2016,2000
Galeomorphii,1,Isurus oxyrinchus,Coastal Californian current,,,2000-2003/2008-2016,2000
Galeomorphii,1,Isurus oxyrinchus,Coastal Californian current,,,2000-2003/2008-2016,2000
Galeomorphii,1,Isurus oxyrinchus,Coastal Californian current,,,2000-2003/2008-2016,2000
Galeomorphii,1,Rhizoprionodon terraenovae,Caribbean,,,2002/2004,2002
Galeomorphii,1,Rhizoprionodon terraenovae,Caribbean,,,2002/2004,2002
Galeomorphii,1,Rhizoprionodon terraenovae,Caribbean,,,2002/2004,2002
Galeomorphii,1,Carcharhinus falciformis,Coastal Californian current,,,2000-2002,2000
Galeomorphii,1,Carcharhinus falciformis,Coastal Californian current,,,2000-2002,2000
Galeomorphii,1,Carcharhinus falciformis,Coastal Californian current,,,2000-2002,2000
Galeomorphii,1,Carcharhinus falciformis,Coastal Californian current,,,2000-2002,2000
Galeomorphii,1,Carcharhinus falciformis,Coastal Californian current,,,2000-2002,2000
Galeomorphii,1,Eusphyra blochii,Western India coast,,,1940 - 1944,1940
Galeomorphii,1,Eusphyra blochii,Western India coast,,,1940 - 1944,1940
Galeomorphii,1,Eusphyra blochii,Western India coast,,,1940 - 1944,1940
Galeomorphii,1,Eusphyra blochii,Western India coast,,,1940 - 1944,1940
Galeomorphii,1,Eusphyra blochii,Western India coast,,,1940 - 1944,1940
Galeomorphii,1,Eusphyra blochii,Western India coast,,,1940 - 1944,1940
Galeomorphii,1,Eusphyra blochii,Western India coast,,,1940 - 1944,1940
Galeomorphii,1,Eusphyra blochii,Western India coast,,,1940 - 1944,1940
Galeomorphii,1,Mustelus henlei,Coastal Californian current,,,2007-2011,2007
Galeomorphii,1,Mustelus henlei,Coastal Californian current,,,2007-2011,2007
Galeomorphii,1,Mustelus henlei,Coastal Californian current,,,2007-2011,2007
Galeomorphii,1,Mustelus henlei,Coastal Californian current,,,2007-2011,2007
Galeomorphii,1,Mustelus henlei,Coastal Californian current,,,2007-2011,2007
Galeomorphii,1,Mustelus henlei,Coastal Californian current,,,2007-2011,2007
Galeomorphii,1,Mustelus henlei,Coastal Californian current,,,2007-2011,2007
Galeomorphii,1,Mustelus henlei,Coastal Californian current,,,2007-2011,2007
Galeomorphii,1,Mustelus henlei,Coastal Californian current,,,2007-2011,2007
Galeomorphii,1,Mustelus henlei,Coastal Californian current,,,2007-2011,2007
Galeomorphii,1,Mustelus henlei,Coastal Californian current,,,2007-2011,2007
Galeomorphii,1,Mustelus henlei,Coastal Californian current,,,2007-2011,2007
Galeomorphii,1,Mustelus henlei,Coastal Californian current,,,2007-2011,2007
Galeomorphii,1,Eusphyra blochii,East Australian coast,,,2007 - 2010,2007
Galeomorphii,1,Eusphyra blochii,East Australian coast,,,2007 - 2010,2007
Galeomorphii,1,Eusphyra blochii,East Australian coast,,,2007 - 2010,2007
Galeomorphii,1,Eusphyra blochii,East Australian coast,,,2007 - 2010,2007
Galeomorphii,1,Eusphyra blochii,East Australian coast,,,2007 - 2010,2007
Galeomorphii,1,Eusphyra blochii,East Australian coast,,,2007 - 2010,2007
Galeomorphii,1,Hemipristis elongata,East Australian coast,,,2007 - 2010,2007
Galeomorphii,1,Hemipristis elongata,East Australian coast,,,2007 - 2010,2007
Galeomorphii,1,Hemipristis elongata,East Australian coast,,,2007 - 2010,2007
Galeomorphii,1,Hemipristis elongata,East Australian coast,,,2007 - 2010,2007
Galeomorphii,1,Hemipristis elongata,East Australian coast,,,2007 - 2010,2007
Galeomorphii,1,Hemipristis elongata,East Australian coast,,,2007 - 2010,2007
Galeomorphii,1,Eusphyra blochii,East Australian coast,,,2007 - 2010,2007
Galeomorphii,1,Eusphyra blochii,East Australian coast,,,2007 - 2010,2007
Galeomorphii,1,Eusphyra blochii,East Australian coast,,,2007 - 2010,2007
Galeomorphii,1,Eusphyra blochii,East Australian coast,,,2007 - 2010,2007
Galeomorphii,1,Eusphyra blochii,East Australian coast,,,2007 - 2010,2007
Galeomorphii,1,Eusphyra blochii,East Australian coast,,,2007 - 2010,2007
Galeomorphii,1,Hemipristis elongata,East Australian coast,,,2007 - 2010,2007
Galeomorphii,1,Hemipristis elongata,East Australian coast,,,2007 - 2010,2007
Galeomorphii,1,Hemipristis elongata,East Australian coast,,,2007 - 2010,2007
Galeomorphii,1,Hemipristis elongata,East Australian coast,,,2007 - 2010,2007
Galeomorphii,1,Hemipristis elongata,East Australian coast,,,2007 - 2010,2007
Galeomorphii,1,Hemipristis elongata,East Australian coast,,,2007 - 2010,2007
Galeomorphii,1,Eusphyra blochii,East Australian coast,,,2007 - 2010,2007
Galeomorphii,1,Mustelus henlei,Coastal Californian current,,,2008-2016,2008
Galeomorphii,1,Mustelus henlei,Coastal Californian current,,,2008-2016,2008
Galeomorphii,1,Mustelus henlei,Coastal Californian current,,,2008-2016,2008
Galeomorphii,1,Mustelus henlei,Coastal Californian current,,,2008-2016,2008
Galeomorphii,1,Mustelus henlei,Coastal Californian current,,,2008-2016,2008
Galeomorphii,1,Mustelus henlei,Coastal Californian current,,,2008-2016,2008
Galeomorphii,1,Mustelus henlei,Coastal Californian current,,,2008-2016,2008
Galeomorphii,1,Mustelus henlei,Coastal Californian current,,,2008-2016,2008
Galeomorphii,1,Mustelus henlei,Coastal Californian current,,,2008-2016,2008
Galeomorphii,1,Mustelus henlei,Coastal Californian current,,,2008-2016,2008
Galeomorphii,1,Mustelus henlei,Coastal Californian current,,,2008-2016,2008
Galeomorphii,1,Mustelus henlei,Coastal Californian current,,,2008-2016,2008
Galeomorphii,1,Eusphyra blochii,Sunda-Arafura shelves,,,1980 - 1986,1980
Galeomorphii,1,Eusphyra blochii,Sunda-Arafura shelves,,,1980 - 1986,1980
Galeomorphii,1,Eusphyra blochii,Sunda-Arafura shelves,,,1980 - 1986,1980
Galeomorphii,1,Eusphyra blochii,Sunda-Arafura shelves,,,1980 - 1986,1980
Galeomorphii,1,Eusphyra blochii,Sunda-Arafura shelves,,,1980 - 1986,1980
Galeomorphii,1,Eusphyra blochii,Sunda-Arafura shelves,,,1980 - 1986,1980
Galeomorphii,1,Eusphyra blochii,Sunda-Arafura shelves,,,1980 - 1986,1980
Galeomorphii,1,Sphyrna mokarran,Sunda-Arafura shelves,,,1980 - 1986,1980
Galeomorphii,1,Sphyrna mokarran,Sunda-Arafura shelves,,,1980 - 1986,1980
Galeomorphii,1,Sphyrna mokarran,Sunda-Arafura shelves,,,,
Galeomorphii,1,Sphyrna mokarran,Sunda-Arafura shelves,,,,
Galeomorphii,1,Sphyrna mokarran,Sunda-Arafura shelves,,,,
Galeomorphii,1,Sphyrna mokarran,Sunda-Arafura shelves,,,,
Galeomorphii,1,Sphyrna mokarran,Sunda-Arafura shelves,,,,
Galeomorphii,1,Sphyrna mokarran,Sunda-Arafura shelves,,,,
Galeomorphii,1,Sphyrna mokarran,Sunda-Arafura shelves,,,,
Galeomorphii,1,Sphyrna lewini,Sunda-Arafura shelves,,,1980 - 1986,1980
Galeomorphii,1,Sphyrna lewini,Sunda-Arafura shelves,,,1980 - 1986,1980
Galeomorphii,1,Sphyrna lewini,Sunda-Arafura shelves,,,1980 - 1986,1980
Galeomorphii,1,Sphyrna lewini,Sunda-Arafura shelves,,,1980 - 1986,1980
Galeomorphii,1,Sphyrna lewini,Sunda-Arafura shelves,,,1980 - 1986,1980
Galeomorphii,1,Sphyrna lewini,Sunda-Arafura shelves,,,1980 - 1986,1980
Galeomorphii,1,Sphyrna lewini,Sunda-Arafura shelves,,,1980 - 1986,1980
Galeomorphii,1,Sphyrna lewini,Sunda-Arafura shelves,,,1980 - 1986,1980
Galeomorphii,1,Sphyrna mokarran,Sunda-Arafura shelves,,,,
Galeomorphii,1,Sphyrna mokarran,Sunda-Arafura shelves,,,,
Galeomorphii,1,Sphyrna mokarran,Sunda-Arafura shelves,,,,
Galeomorphii,1,Sphyrna mokarran,Sunda-Arafura shelves,,,,
Galeomorphii,1,Sphyrna mokarran,Sunda-Arafura shelves,,,,
Galeomorphii,1,Eusphyra blochii,Sunda-Arafura shelves,,,1980 - 1986,1980
Galeomorphii,1,Eusphyra blochii,Sunda-Arafura shelves,,,1980 - 1986,1980
Galeomorphii,1,Eusphyra blochii,Sunda-Arafura shelves,,,1980 - 1986,1980
Galeomorphii,1,Eusphyra blochii,Sunda-Arafura shelves,,,1980 - 1986,1980
Galeomorphii,1,Eusphyra blochii,Sunda-Arafura shelves,,,1980 - 1986,1980
Galeomorphii,1,Sphyrna mokarran,Sunda-Arafura shelves,,,,
Galeomorphii,1,Sphyrna mokarran,Sunda-Arafura shelves,,,,
Galeomorphii,1,Sphyrna mokarran,Sunda-Arafura shelves,,,,
Galeomorphii,1,Sphyrna mokarran,Sunda-Arafura shelves,,,,
Galeomorphii,1,Sphyrna lewini,Sunda-Arafura shelves,,,1980 - 1986,1980
Galeomorphii,1,Eusphyra blochii,Sunda-Arafura shelves,,,1980 - 1986,1980
Galeomorphii,1,Eusphyra blochii,Sunda-Arafura shelves,,,1980 - 1986,1980
Galeomorphii,1,Sphyrna mokarran,Sunda-Arafura shelves,,,,
Galeomorphii,1,Eusphyra blochii,Sunda-Arafura shelves,,,1980 - 1986,1980
Galeomorphii,1,Sphyrna mokarran,Sunda-Arafura shelves,,,,
Galeomorphii,1,Eusphyra blochii,Sunda-Arafura shelves,,,1980 - 1986,1980
Galeomorphii,1,Eusphyra blochii,Sunda-Arafura shelves,,,1980 - 1986,1980
Galeomorphii,1,Eusphyra blochii,Sunda-Arafura shelves,,,1980 - 1986,1980
Galeomorphii,1,Eusphyra blochii,Sunda-Arafura shelves,,,1980 - 1986,1980
Galeomorphii,1,Eusphyra blochii,Sunda-Arafura shelves,,,1980 - 1986,1980
Galeomorphii,1,Sphyrna lewini,Sunda-Arafura shelves,,,1980 - 1986,1980
Galeomorphii,1,Sphyrna lewini,Sunda-Arafura shelves,,,1980 - 1986,1980
Galeomorphii,1,Sphyrna lewini,Sunda-Arafura shelves,,,1980 - 1986,1980
Galeomorphii,1,Sphyrna lewini,Sunda-Arafura shelves,,,1980 - 1986,1980
Galeomorphii,1,Hemigaleus australiensis,Sunda-Arafura shelves,,,1980-1987,1980
Galeomorphii,1,Hemigaleus australiensis,Sunda-Arafura shelves,,,1980-1987,1980
Galeomorphii,1,Hemigaleus australiensis,Sunda-Arafura shelves,,,1980-1987,1980
Galeomorphii,1,Hemigaleus australiensis,Sunda-Arafura shelves,,,1980-1987,1980
Galeomorphii,1,Hemigaleus australiensis,Sunda-Arafura shelves,,,1980-1987,1980
Galeomorphii,1,Hemipristis elongata,Sunda-Arafura shelves,,,1980 - 1987,1980
Galeomorphii,1,Hemipristis elongata,Sunda-Arafura shelves,,,1980 - 1987,1980
Galeomorphii,1,Hemipristis elongata,Sunda-Arafura shelves,,,1980 - 1987,1980
Galeomorphii,1,Hemipristis elongata,Sunda-Arafura shelves,,,1980 - 1987,1980
Galeomorphii,1,Hemipristis elongata,Sunda-Arafura shelves,,,1980 - 1987,1980
Galeomorphii,1,Hemipristis elongata,Sunda-Arafura shelves,,,1980 - 1987,1980
Galeomorphii,1,Hemipristis elongata,Sunda-Arafura shelves,,,1980 - 1987,1980
Galeomorphii,1,Hemipristis elongata,Sunda-Arafura shelves,,,1980 - 1987,1980
Galeomorphii,1,Hemigaleus australiensis,Sunda-Arafura shelves,,,1980-1987,1980
Galeomorphii,1,Hemigaleus australiensis,Sunda-Arafura shelves,,,1980-1987,1980
Galeomorphii,1,Hemigaleus australiensis,Sunda-Arafura shelves,,,1980-1987,1980
Galeomorphii,1,Hemigaleus australiensis,Sunda-Arafura shelves,,,1980-1987,1980
Galeomorphii,1,Hemigaleus australiensis,Sunda-Arafura shelves,,,1980-1987,1980
Galeomorphii,1,Hemipristis elongata,Sunda-Arafura shelves,,,1980 - 1987,1980
Galeomorphii,1,Hemipristis elongata,Sunda-Arafura shelves,,,1980 - 1987,1980
Galeomorphii,1,Hemipristis elongata,Sunda-Arafura shelves,,,1980 - 1987,1980
Galeomorphii,1,Hemipristis elongata,Sunda-Arafura shelves,,,1980 - 1987,1980
Galeomorphii,1,Hemigaleus australiensis,Sunda-Arafura shelves,,,1980-1987,1980
Galeomorphii,1,Hemigaleus australiensis,Sunda-Arafura shelves,,,1980-1987,1980
Galeomorphii,1,Hemipristis elongata,Sunda-Arafura shelves,,,1980 - 1987,1980
Galeomorphii,1,Hemigaleus australiensis,Sunda-Arafura shelves,,,1980-1987,1980
Galeomorphii,1,Hemipristis elongata,Sunda-Arafura shelves,,,1980 - 1987,1980
Galeomorphii,1,Hemigaleus australiensis,Sunda-Arafura shelves,,,1980-1987,1980
Galeomorphii,1,Hemipristis elongata,Sunda-Arafura shelves,,,1980 - 1987,1980
Galeomorphii,1,Hemigaleus australiensis,Sunda-Arafura shelves,,,1980-1987,1980
Galeomorphii,1,Hemigaleus australiensis,Sunda-Arafura shelves,,,1980-1987,1980
Galeomorphii,1,Hemigaleus australiensis,Sunda-Arafura shelves,,,1980-1987,1980
Galeomorphii,1,Hemigaleus australiensis,Sunda-Arafura shelves,,,1980-1987,1980
Galeomorphii,1,Hemipristis elongata,Sunda-Arafura shelves,,,1980 - 1987,1980
Galeomorphii,1,Hemipristis elongata,Sunda-Arafura shelves,,,1980 - 1987,1980
Galeomorphii,1,Hemipristis elongata,Sunda-Arafura shelves,,,1980 - 1987,1980
Galeomorphii,1,Hemipristis elongata,Sunda-Arafura shelves,,,1980 - 1987,1980
Galeomorphii,1,Hemigaleus australiensis,East Australian coast,,,2004 - 2007,2004
Galeomorphii,1,Hemigaleus australiensis,East Australian coast,,,2004 - 2007,2004
Galeomorphii,1,Hemigaleus australiensis,East Australian coast,,,2004 - 2007,2004
Galeomorphii,1,Hemigaleus australiensis,East Australian coast,,,2004 - 2007,2004
Galeomorphii,1,Hemigaleus australiensis,East Australian coast,,,2004 - 2007,2004
Galeomorphii,1,Hemigaleus australiensis,East Australian coast,,,2004 - 2007,2004
Galeomorphii,1,Hemigaleus australiensis,East Australian coast,,,2004 - 2007,2004
Galeomorphii,1,Hemigaleus australiensis,East Australian coast,,,2004 - 2007,2004
Galeomorphii,1,Hemigaleus australiensis,East Australian coast,,,2004 - 2007,2004
Galeomorphii,1,Hemigaleus australiensis,East Australian coast,,,2004 - 2007,2004
Galeomorphii,1,Hemigaleus australiensis,East Australian coast,,,2004 - 2007,2004
Galeomorphii,1,Hemigaleus australiensis,East Australian coast,,,2004 - 2007,2004
Galeomorphii,1,Hemigaleus australiensis,East Australian coast,,,2004 - 2007,2004
Galeomorphii,1,Hemigaleus australiensis,East Australian coast,,,2004 - 2007,2004
Galeomorphii,1,Hemigaleus australiensis,East Australian coast,,,2004 - 2007,2004
Galeomorphii,1,Hemigaleus australiensis,East Australian coast,,,2004 - 2007,2004
Galeomorphii,1,Hemigaleus australiensis,East Australian coast,,,2004 - 2007,2004
Galeomorphii,1,Hemigaleus australiensis,East Australian coast,,,2004 - 2007,2004
Galeomorphii,1,Hemigaleus australiensis,East Australian coast,,,2004 - 2007,2004
Galeomorphii,1,Sphyrna lewini,Central American coast,,,1994-1996,1994
Galeomorphii,1,Sphyrna lewini,Central American coast,,,1994-1996,1994
Galeomorphii,1,Sphyrna lewini,Central American coast,,,1994-1996,1994
Galeomorphii,1,Sphyrna lewini,Central American coast,,,1994-1996,1994
Galeomorphii,1,Sphyrna lewini,Central American coast,,,1994-1996,1994
Galeomorphii,1,Sphyrna lewini,Central American coast,,,1994-1996,1994
Galeomorphii,1,Sphyrna lewini,Central American coast,,,1994-1996,1994
Galeomorphii,1,Sphyrna lewini,Central American coast,,,1994-1996,1994
Galeomorphii,1,Sphyrna lewini,Central American coast,,,1994-1996,1994
Galeomorphii,1,Sphyrna lewini,Central American coast,,,1994-1996,1994
Galeomorphii,1,Carcharhinus limbatus,Caribbean,,,1993-1994,1993
Galeomorphii,1,Carcharhinus limbatus,Caribbean,,,1993-1994,1993
Galeomorphii,1,Carcharhinus limbatus,Caribbean,,,1993-1994,1993
Galeomorphii,1,Carcharhinus limbatus,Caribbean,,,1993-1994,1993
Galeomorphii,1,Carcharhinus limbatus,Caribbean,,,1993-1994,1993
Galeomorphii,1,Carcharhinus limbatus,Caribbean,,,1994-1998,1994
Galeomorphii,1,Carcharhinus limbatus,Caribbean,,,1994-1998,1994
Galeomorphii,1,Carcharhinus limbatus,Caribbean,,,1994-1998,1994
Galeomorphii,1,Carcharhinus limbatus,Caribbean,,,1994-1998,1994
Galeomorphii,1,Carcharhinus limbatus,Caribbean,,,1994-1998,1994
Galeomorphii,1,Carcharhinus limbatus,Caribbean,,,1994-1998,1994
Galeomorphii,1,Carcharhinus limbatus,Caribbean,,,1994-1998,1994
Galeomorphii,1,Carcharhinus limbatus,Caribbean,,,1994-1998,1994
Galeomorphii,1,Carcharhinus limbatus,Caribbean,,,1994-1998,1994
Galeomorphii,1,Carcharhinus limbatus,Caribbean,,,1994-1998,1994
Galeomorphii,1,Carcharhinus limbatus,Caribbean,,,1994-1998,1994
Galeomorphii,1,Carcharhinus limbatus,Caribbean,,,1994-1998,1994
Galeomorphii,1,Sphyrna mokarran,Central American coast,,,2010,2010
Galeomorphii,1,Sphyrna mokarran,Central American coast,,,2010,2010
Galeomorphii,1,Carcharhinus limbatus,Caribbean,,,1994-1998/2011-2012,1994
Galeomorphii,1,Carcharhinus limbatus,Caribbean,,,1994-1998/2011-2012,1994
Galeomorphii,1,Carcharhinus limbatus,Caribbean,,,1994-1998/2011-2012,1994
Galeomorphii,1,Carcharhinus limbatus,Caribbean,,,1994-1998/2011-2012,1994
Galeomorphii,1,Carcharhinus limbatus,Caribbean,,,1994-1998/2011-2012,1994
Galeomorphii,1,Carcharhinus limbatus,Caribbean,,,1994-1998/2011-2012,1994
Galeomorphii,1,Carcharhinus acronotus,Caribbean,,,1993-1994,1993
Galeomorphii,1,Carcharhinus acronotus,Caribbean,,,1993-1994,1993
Galeomorphii,1,Carcharhinus acronotus,Caribbean,,,1993-1994,1993
Galeomorphii,1,Carcharhinus acronotus,Caribbean,,,1993-1994,1993
Galeomorphii,1,Carcharhinus acronotus,Caribbean,,,1993-1994,1993
Galeomorphii,1,Carcharhinus acronotus,Caribbean,,,1993-1994,1993
Galeomorphii,1,Carcharhinus acronotus,Caribbean,,,1993-1994,1993
Galeomorphii,1,Ginglymostoma cirratum,Caribbean,,,1981-1986,1981
Galeomorphii,1,Ginglymostoma cirratum,Caribbean,,,1981-1986,1981
Galeomorphii,1,Ginglymostoma cirratum,Caribbean,,,1981-1986,1981
Galeomorphii,1,Ginglymostoma cirratum,Caribbean,,,1981-1986,1981
Galeomorphii,1,Ginglymostoma cirratum,Caribbean,,,1981-1986,1981
Galeomorphii,1,Carcharhinus acronotus,Caribbean,,,1981-1986,1981
Galeomorphii,1,Carcharhinus acronotus,Caribbean,,,1981-1986,1981
Galeomorphii,1,Carcharhinus acronotus,Caribbean,,,1981-1986,1981
Galeomorphii,1,Carcharhinus acronotus,Caribbean,,,1981-1986,1981
Galeomorphii,1,Carcharhinus acronotus,Caribbean,,,1981-1986,1981
Galeomorphii,1,Carcharhinus brevipinna,Caribbean,,,1981-1986,1981
Galeomorphii,1,Carcharhinus leucas,Caribbean,,,1981-1986,1981
Galeomorphii,1,Carcharhinus leucas,Caribbean,,,1981-1986,1981
Galeomorphii,1,Carcharhinus leucas,Caribbean,,,1981-1986,1981
Galeomorphii,1,Carcharhinus leucas,Caribbean,,,1981-1986,1981
Galeomorphii,1,Carcharhinus leucas,Caribbean,,,1981-1986,1981
Galeomorphii,1,Carcharhinus limbatus,Caribbean,,,1981-1986,1981
Galeomorphii,1,Carcharhinus limbatus,Caribbean,,,1981-1986,1981
Galeomorphii,1,Carcharhinus limbatus,Caribbean,,,1981-1986,1981
Galeomorphii,1,Carcharhinus limbatus,Caribbean,,,1981-1986,1981
Galeomorphii,1,Carcharhinus limbatus,Caribbean,,,1981-1986,1981
Galeomorphii,1,Carcharhinus obscurus,Caribbean,,,1981-1986,1981
Galeomorphii,1,Carcharhinus porosus,Caribbean,,,1981-1986,1981
Galeomorphii,1,Carcharhinus porosus,Caribbean,,,1981-1986,1981
Galeomorphii,1,Negaprion brevirostris,Caribbean,,,1981-1986,1981
Galeomorphii,1,Negaprion brevirostris,Caribbean,,,1981-1986,1981
Galeomorphii,1,Negaprion brevirostris,Caribbean,,,1981-1986,1981
Galeomorphii,1,Negaprion brevirostris,Caribbean,,,1981-1986,1981
Galeomorphii,1,Negaprion brevirostris,Caribbean,,,1981-1986,1981
Galeomorphii,1,Rhizoprionodon terraenovae,Caribbean,,,1981-1986,1981
Galeomorphii,1,Rhizoprionodon terraenovae,Caribbean,,,1981-1986,1981
Galeomorphii,1,Rhizoprionodon terraenovae,Caribbean,,,1981-1986,1981
Galeomorphii,1,Rhizoprionodon terraenovae,Caribbean,,,1981-1986,1981
Galeomorphii,1,Rhizoprionodon terraenovae,Caribbean,,,1981-1986,1981
Galeomorphii,1,Sphyrna lewini,Caribbean,,,1981-1986,1981
Galeomorphii,1,Sphyrna lewini,Caribbean,,,1981-1986,1981
Galeomorphii,1,Sphyrna lewini,Caribbean,,,1981-1986,1981
Galeomorphii,1,Sphyrna mokarran,Caribbean,,,1981-1986,1981
Galeomorphii,1,Sphyrna mokarran,Caribbean,,,1981-1986,1981
Galeomorphii,1,Sphyrna mokarran,Caribbean,,,1981-1986,1981
Galeomorphii,1,Sphyrna mokarran,Caribbean,,,1981-1986,1981
Galeomorphii,1,Sphyrna mokarran,Caribbean,,,1981-1986,1981
Galeomorphii,1,Sphyrna tiburo,Caribbean,,,1981-1986,1981
Galeomorphii,1,Sphyrna tiburo,Caribbean,,,1981-1986,1981
Galeomorphii,1,Sphyrna tiburo,Caribbean,,,1981-1986,1981
Galeomorphii,1,Sphyrna tiburo,Caribbean,,,1981-1986,1981
Galeomorphii,1,Sphyrna tiburo,Caribbean,,,1981-1986,1981
Galeomorphii,1,Ginglymostoma cirratum,Caribbean,,,1981-1986,1981
Galeomorphii,1,Ginglymostoma cirratum,Caribbean,,,1981-1986,1981
Galeomorphii,1,Carcharhinus acronotus,Caribbean,,,1981-1986,1981
Galeomorphii,1,Carcharhinus acronotus,Caribbean,,,1981-1986,1981
Galeomorphii,1,Carcharhinus leucas,Caribbean,,,1981-1986,1981
Galeomorphii,1,Carcharhinus leucas,Caribbean,,,1981-1986,1981
Galeomorphii,1,Carcharhinus limbatus,Caribbean,,,1981-1986,1981
Galeomorphii,1,Carcharhinus limbatus,Caribbean,,,1981-1986,1981
Galeomorphii,1,Carcharhinus porosus,Caribbean,,,1981-1986,1981
Galeomorphii,1,Carcharhinus porosus,Caribbean,,,1981-1986,1981
Galeomorphii,1,Negaprion brevirostris,Caribbean,,,1981-1986,1981
Galeomorphii,1,Negaprion brevirostris,Caribbean,,,1981-1986,1981
Galeomorphii,1,Rhizoprionodon terraenovae,Caribbean,,,1981-1986,1981
Galeomorphii,1,Rhizoprionodon terraenovae,Caribbean,,,1981-1986,1981
Galeomorphii,1,Sphyrna lewini,Caribbean,,,1981-1986,1981
Galeomorphii,1,Sphyrna lewini,Caribbean,,,1981-1986,1981
Galeomorphii,1,Sphyrna mokarran,Caribbean,,,1981-1986,1981
Galeomorphii,1,Sphyrna mokarran,Caribbean,,,1981-1986,1981
Galeomorphii,1,Sphyrna tiburo,Caribbean,,,1981-1986,1981
Galeomorphii,1,Sphyrna tiburo,Caribbean,,,1981-1986,1981
Galeomorphii,1,Sphyrna lewini,Sunda-Arafura shelves,,,2001-2006,2001
Galeomorphii,1,Sphyrna lewini,Sunda-Arafura shelves,,,2001-2006,2001
Galeomorphii,1,Sphyrna lewini,Sunda-Arafura shelves,,,2001-2006,2001
Galeomorphii,1,Sphyrna lewini,Sunda-Arafura shelves,,,2001-2006,2001
Galeomorphii,1,Sphyrna lewini,Sunda-Arafura shelves,,,2001-2006,2001
Galeomorphii,1,Sphyrna lewini,Sunda-Arafura shelves,,,2001-2006,2001
Galeomorphii,1,Sphyrna lewini,Sunda-Arafura shelves,,,2001-2006,2001
Galeomorphii,1,Sphyrna lewini,Sunda-Arafura shelves,,,2001-2006,2001
Galeomorphii,1,Sphyrna lewini,Sunda-Arafura shelves,,,2001-2006,2001
Galeomorphii,1,Sphyrna lewini,Sunda-Arafura shelves,,,2001-2006,2001
Galeomorphii,1,Sphyrna lewini,Sunda-Arafura shelves,,,2001-2006,2001
Galeomorphii,1,Sphyrna lewini,Sunda-Arafura shelves,,,2001-2006,2001
Galeomorphii,1,Sphyrna lewini,Sunda-Arafura shelves,,,2001-2006,2001
Galeomorphii,1,Sphyrna lewini,Caribbean,,,1993-1994,1993
Galeomorphii,1,Sphyrna lewini,Caribbean,,,1993-1994,1993
Galeomorphii,1,Sphyrna lewini,Central American coast,,,2004-2006,2004
Galeomorphii,1,Sphyrna lewini,Central American coast,,,2004-2006,2004
Galeomorphii,1,Sphyrna lewini,Central American coast,,,2004-2006,2004
Galeomorphii,1,Sphyrna lewini,Central American coast,,,2004-2006,2004
Galeomorphii,1,Sphyrna lewini,Central American coast,,,2004-2006,2004
Galeomorphii,1,Sphyrna lewini,Central American coast,,,2004-2006,2004
Galeomorphii,1,Carcharhinus falciformis,Central American coast,,,2005,2005
Galeomorphii,1,Carcharhinus falciformis,Central American coast,,,2005,2005
Galeomorphii,1,Carcharhinus falciformis,Central American coast,,,2005,2005
Galeomorphii,1,Carcharhinus falciformis,Central American coast,,,2005,2005
Galeomorphii,1,Carcharhinus falciformis,Central American coast,,,2005,2005
Galeomorphii,1,Carcharhinus falciformis,Central American coast,,,2005,2005
Galeomorphii,1,Carcharhinus falciformis,Central American coast,,,2005,2005
Galeomorphii,1,Carcharhinus falciformis,Central American coast,,,2005,2005
Galeomorphii,1,Carcharhinus falciformis,Central American coast,,,2005,2005
Galeomorphii,1,Carcharhinus falciformis,Central American coast,,,2005,2005
Galeomorphii,1,Carcharhinus falciformis,Central American coast,,,2005,2005
Galeomorphii,1,Rhizoprionodon terraenovae,Caribbean,,,2001-2010,2001
Galeomorphii,1,Rhizoprionodon terraenovae,Caribbean,,,2001-2010,2001
Galeomorphii,1,Rhizoprionodon terraenovae,Caribbean,,,2001-2010,2001
Galeomorphii,1,Rhizoprionodon terraenovae,Caribbean,,,2001-2010,2001
Galeomorphii,1,Rhizoprionodon terraenovae,Caribbean,,,2001-2010,2001
Galeomorphii,1,Rhizoprionodon terraenovae,Caribbean,,,2001-2010,2001
Galeomorphii,1,Rhizoprionodon terraenovae,Caribbean,,,2001-2010,2001
Galeomorphii,1,Rhizoprionodon terraenovae,Caribbean,,,2001-2010,2001
Galeomorphii,1,Rhizoprionodon terraenovae,Caribbean,,,2001-2010,2001
Galeomorphii,1,Rhizoprionodon terraenovae,Caribbean,,,2001-2010,2001
Galeomorphii,1,Rhizoprionodon terraenovae,Caribbean,,,2001-2010,2001
Galeomorphii,1,Rhizoprionodon terraenovae,Caribbean,,,2001-2010,2001
Galeomorphii,1,Rhizoprionodon terraenovae,Caribbean,,,2001-2010,2001
Galeomorphii,1,Rhizoprionodon terraenovae,Caribbean,,,2001-2010,2001
Galeomorphii,1,Rhizoprionodon terraenovae,Caribbean,,,2001-2010,2001
Galeomorphii,1,Rhizoprionodon terraenovae,Caribbean,,,2001-2010,2001
Galeomorphii,1,Rhizoprionodon terraenovae,Caribbean,,,2001-2010,2001
Galeomorphii,1,Rhizoprionodon terraenovae,Caribbean,,,2001-2010,2001
Galeomorphii,1,Chiloscyllium punctatum,East Australian coast,,,2014-2015,2014
Galeomorphii,1,Stegostoma fasciatum,East Australian coast,,,2014-2015,2014
Galeomorphii,1,Hemigaleus australiensis,East Australian coast,,,2014-2015,2014
Galeomorphii,1,Carcharhinus amblyrhynchoides,East Australian coast,,,2014-2015,2014
Galeomorphii,1,Carcharhinus amboinensis,East Australian coast,,,2014-2015,2014
Galeomorphii,1,Carcharhinus brevipinna,East Australian coast,,,2014-2015,2014
Galeomorphii,1,Carcharhinus coatesi,East Australian coast,,,2014-2015,2014
Galeomorphii,1,Carcharhinus fitzroyensis,East Australian coast,,,2014-2015,2014
Galeomorphii,1,Carcharhinus leucas,East Australian coast,,,2014-2015,2014
Galeomorphii,1,Carcharhinus limbatus,East Australian coast,,,2014-2015,2014
Galeomorphii,1,Carcharhinus macloti,East Australian coast,,,2014-2015,2014
Galeomorphii,1,Carcharhinus sorrah,East Australian coast,,,2014-2015,2014
Galeomorphii,1,Carcharhinus tilstoni,East Australian coast,,,2014-2015,2014
Galeomorphii,1,Rhizoprionodon acutus,East Australian coast,,,2014-2015,2014
Galeomorphii,1,Rhizoprionodon taylori,East Australian coast,,,2014-2015,2014
Galeomorphii,1,Chiloscyllium punctatum,East Australian coast,,,2014-2015,2014
Galeomorphii,1,Chiloscyllium punctatum,East Australian coast,,,2014-2015,2014
Galeomorphii,1,Stegostoma fasciatum,East Australian coast,,,2014-2015,2014
Galeomorphii,1,Stegostoma fasciatum,East Australian coast,,,2014-2015,2014
Galeomorphii,1,Carcharhinus coatesi,East Australian coast,,,2014-2015,2014
Galeomorphii,1,Carcharhinus coatesi,East Australian coast,,,2014-2015,2014
Galeomorphii,1,Rhizoprionodon acutus,East Australian coast,,,2014-2015,2014
Galeomorphii,1,Rhizoprionodon acutus,East Australian coast,,,2014-2015,2014
Galeomorphii,1,Rhizoprionodon taylori,East Australian coast,,,2014-2015,2014
Galeomorphii,1,Rhizoprionodon taylori,East Australian coast,,,2014-2015,2014
Galeomorphii,1,Eusphyra blochii,East Australian coast,,,2014-2015,2014
Galeomorphii,1,Sphyrna lewini,East Australian coast,,,2014-2015,2014
Galeomorphii,1,Sphyrna mokarran,East Australian coast,,,2014-2015,2014
Galeomorphii,1,Eusphyra blochii,East Australian coast,,,2014-2015,2014
Galeomorphii,1,Eusphyra blochii,East Australian coast,,,2014-2015,2014
Galeomorphii,1,Hemigaleus australiensis,East Australian coast,,,2014-2015,2014
Galeomorphii,1,Rhizoprionodon acutus,East Australian coast,,,2014-2015,2014
Galeomorphii,1,Carcharhinus brachyurus,Southwest Atlantic shelves,-40.5,-62,1998-2001,1998
Galeomorphii,1,Carcharhinus brachyurus,Southwest Atlantic shelves,-40.5,-62,1998-2001,1998
Galeomorphii,1,Carcharhinus brachyurus,Southwest Atlantic shelves,-40.5,-62,1998-2001,1998
Galeomorphii,1,Carcharhinus brachyurus,Southwest Atlantic shelves,-40.5,-62,1998-2001,1998
Galeomorphii,1,Carcharhinus brachyurus,Southwest Atlantic shelves,-40.5,-62,1998-2001,1998
Galeomorphii,1,Carcharhinus brachyurus,Southwest Atlantic shelves,-40.5,-62,1998-2001,1998
Galeomorphii,1,Carcharhinus brachyurus,Southwest Atlantic shelves,-40.5,-62,1998-2001,1998
Galeomorphii,1,Carcharhinus brachyurus,Southwest Atlantic shelves,-40.5,-62,1998-2001,1998
Galeomorphii,1,Carcharhinus brachyurus,Southwest Atlantic shelves,-40.5,-62,1998-2001,1998
Galeomorphii,1,Carcharhinus brachyurus,Southwest Atlantic shelves,-40.5,-62,1998-2001,1998
Galeomorphii,1,Galeocerdo cuvier,North Pacific Tropical gyre,,,1967-1969,1967
Galeomorphii,1,Galeocerdo cuvier,North Pacific Tropical gyre,,,1967-1969,1967
Galeomorphii,1,Galeocerdo cuvier,North Pacific Tropical gyre,,,1967-1969,1967
Galeomorphii,1,Galeocerdo cuvier,North Pacific Tropical gyre,,,1967-1969,1967
Galeomorphii,1,Galeocerdo cuvier,North Pacific Tropical gyre,,,1967-1969,1967
Galeomorphii,1,Galeocerdo cuvier,North Pacific Tropical gyre,,,1967-1969,1967
Galeomorphii,1,Galeocerdo cuvier,North Pacific Tropical gyre,,,1967-1969,1967
Galeomorphii,1,Galeocerdo cuvier,North Pacific Tropical gyre,,,1967-1969,1967
Galeomorphii,1,Galeocerdo cuvier,North Pacific Tropical gyre,,,1967-1969,1967
Galeomorphii,1,Galeocerdo cuvier,North Pacific Tropical gyre,,,1967-1969,1967
Galeomorphii,1,Galeocerdo cuvier,North Pacific Tropical gyre,,,1967-1969,1967
Galeomorphii,1,Galeocerdo cuvier,North Pacific Tropical gyre,,,1967-1969,1967
Galeomorphii,1,Galeocerdo cuvier,North Pacific Tropical gyre,,,1967-1969,1967
Galeomorphii,1,Galeocerdo cuvier,North Pacific Tropical gyre,,,1967-1969,1967
Galeomorphii,1,Galeocerdo cuvier,North Pacific Tropical gyre,,,1967-1969,1967
Galeomorphii,1,Galeocerdo cuvier,North Pacific Tropical gyre,,,1967-1969,1967
Galeomorphii,1,Galeocerdo cuvier,Kuroshio current,,,2008-2009,2008
Galeomorphii,1,Galeocerdo cuvier,Kuroshio current,,,2008-2009,2008
Galeomorphii,1,Galeocerdo cuvier,Kuroshio current,,,2008-2010,2008
Galeomorphii,1,Galeocerdo cuvier,Kuroshio current,,,2008-2011,2008
Galeomorphii,1,Galeocerdo cuvier,Kuroshio current,,,2008-2012,2008
Galeomorphii,1,Negaprion brevirostris,Caribbean,25.733333,-79.266667,1995-1999,1995
Galeomorphii,1,Carcharhinus perezii,Caribbean,16.733333,-87.8,2011-2013,2011
Galeomorphii,1,Carcharhinus perezii,Caribbean,16.733333,-87.8,2011-2013,2011
Galeomorphii,1,Carcharhinus perezii,Caribbean,16.733333,-87.8,2011-2013,2011
Galeomorphii,1,Carcharhinus perezii,Caribbean,16.733333,-87.8,2011-2013,2011
Galeomorphii,1,Carcharhinus perezii,Caribbean,16.733333,-87.8,2011-2013,2011
Galeomorphii,1,Carcharhinus perezii,Caribbean,16.733333,-87.8,2011-2013,2011
Galeomorphii,1,Carcharhinus perezii,Caribbean,11.834167,-66.766667,2001-2002,2001
Galeomorphii,1,Carcharhinus perezii,Caribbean,11.834167,-66.766667,2001-2002,2001
Galeomorphii,1,Carcharhinus perezii,Caribbean,11.834167,-66.766667,2001-2002,2001
Galeomorphii,1,Carcharhinus perezii,Caribbean,11.834167,-66.766667,2001-2002,2001
Galeomorphii,1,Carcharhinus perezii,Caribbean,11.834167,-66.766667,2001-2002,2001
Galeomorphii,1,Carcharhinus perezii,Caribbean,11.834167,-66.766667,2001-2002,2001
Galeomorphii,1,Carcharhinus perezii,Caribbean,11.834167,-66.766667,2001-2002,2001
Galeomorphii,1,Carcharhinus perezii,Caribbean,11.834167,-66.766667,2001-2002,2001
Galeomorphii,1,Carcharhinus perezii,Caribbean,11.834167,-66.766667,2001-2002,2001
Galeomorphii,1,Carcharhinus perezii,Caribbean,11.834167,-66.766667,2001-2002,2001
Galeomorphii,1,Carcharhinus perezii,Caribbean,11.834167,-66.766667,2001-2002,2001
Galeomorphii,1,Carcharhinus perezii,Caribbean,11.834167,-66.766667,2001-2002,2001
Galeomorphii,1,Carcharhinus perezii,Caribbean,11.834167,-66.766667,2001-2002,2001
Galeomorphii,1,Carcharhinus perezii,Caribbean,11.834167,-66.766667,2001-2002,2001
Galeomorphii,1,Carcharhinus perezii,Caribbean,11.834167,-66.766667,2001-2002,2001
Galeomorphii,1,Carcharhinus albimarginatus,Western Australian and Indonesian coast,,,2001-2006,2001
Galeomorphii,1,Carcharhinus albimarginatus,Western Australian and Indonesian coast,,,2001-2006,2001
Galeomorphii,1,Carcharhinus albimarginatus,Western Australian and Indonesian coast,,,2001-2006,2001
Galeomorphii,1,Carcharhinus albimarginatus,Western Australian and Indonesian coast,,,2001-2006,2001
Galeomorphii,1,Carcharhinus albimarginatus,Western Australian and Indonesian coast,,,2001-2006,2001
Galeomorphii,1,Carcharhinus albimarginatus,Western Australian and Indonesian coast,,,2001-2006,2001
Galeomorphii,1,Carcharhinus altimus,Western Australian and Indonesian coast,,,2001-2006,2001
Galeomorphii,1,Carcharhinus altimus,Western Australian and Indonesian coast,,,2001-2006,2001
Galeomorphii,1,Carcharhinus altimus,Western Australian and Indonesian coast,,,2001-2006,2001
Galeomorphii,1,Carcharhinus altimus,Western Australian and Indonesian coast,,,2001-2006,2001
Galeomorphii,1,Carcharhinus altimus,Western Australian and Indonesian coast,,,2001-2006,2001
Galeomorphii,1,Carcharhinus altimus,Western Australian and Indonesian coast,,,2001-2006,2001
Galeomorphii,1,Carcharhinus amblyrhynchoides,Western Australian and Indonesian coast,,,2001-2006,2001
Galeomorphii,1,Carcharhinus amblyrhynchoides,Western Australian and Indonesian coast,,,2001-2006,2001
Galeomorphii,1,Carcharhinus amblyrhynchoides,Western Australian and Indonesian coast,,,2001-2006,2001
Galeomorphii,1,Carcharhinus amblyrhynchoides,Western Australian and Indonesian coast,,,2001-2006,2001
Galeomorphii,1,Carcharhinus amblyrhynchoides,Western Australian and Indonesian coast,,,2001-2006,2001
Galeomorphii,1,Carcharhinus amblyrhynchos,Western Australian and Indonesian coast,,,2001-2006,2001
Galeomorphii,1,Carcharhinus amblyrhynchos,Western Australian and Indonesian coast,,,2001-2006,2001
Galeomorphii,1,Carcharhinus amblyrhynchos,Western Australian and Indonesian coast,,,2001-2006,2001
Galeomorphii,1,Carcharhinus amblyrhynchos,Western Australian and Indonesian coast,,,2001-2006,2001
Galeomorphii,1,Carcharhinus amblyrhynchos,Western Australian and Indonesian coast,,,2001-2006,2001
Galeomorphii,1,Carcharhinus amblyrhynchos,Western Australian and Indonesian coast,,,2001-2006,2001
Galeomorphii,1,Carcharhinus amblyrhynchos,Western Australian and Indonesian coast,,,2001-2006,2001
Galeomorphii,1,Carcharhinus amblyrhynchos,Western Australian and Indonesian coast,,,2001-2006,2001
Galeomorphii,1,Carcharhinus amblyrhynchos,Western Australian and Indonesian coast,,,2001-2006,2001
Galeomorphii,1,Carcharhinus amblyrhynchos,Western Australian and Indonesian coast,,,2001-2006,2001
Galeomorphii,1,Carcharhinus amblyrhynchos,Western Australian and Indonesian coast,,,2001-2006,2001
Galeomorphii,1,Carcharhinus brevipinna,Western Australian and Indonesian coast,,,2001-2006,2001
Galeomorphii,1,Carcharhinus brevipinna,Western Australian and Indonesian coast,,,2001-2006,2001
Galeomorphii,1,Carcharhinus brevipinna,Western Australian and Indonesian coast,,,2001-2006,2001
Galeomorphii,1,Carcharhinus brevipinna,Western Australian and Indonesian coast,,,2001-2006,2001
Galeomorphii,1,Carcharhinus brevipinna,Western Australian and Indonesian coast,,,2001-2006,2001
Galeomorphii,1,Carcharhinus brevipinna,Western Australian and Indonesian coast,,,2001-2006,2001
Galeomorphii,1,Carcharhinus brevipinna,Western Australian and Indonesian coast,,,2001-2006,2001
Galeomorphii,1,Carcharhinus brevipinna,Western Australian and Indonesian coast,,,2001-2006,2001
Galeomorphii,1,Carcharhinus brevipinna,Western Australian and Indonesian coast,,,2001-2006,2001
Galeomorphii,1,Carcharhinus brevipinna,Western Australian and Indonesian coast,,,2001-2006,2001
Galeomorphii,1,Carcharhinus dussumieri,Western Australian and Indonesian coast,,,2001-2006,2001
Galeomorphii,1,Carcharhinus dussumieri,Western Australian and Indonesian coast,,,2001-2006,2001
Galeomorphii,1,Carcharhinus dussumieri,Western Australian and Indonesian coast,,,2001-2006,2001
Galeomorphii,1,Carcharhinus dussumieri,Western Australian and Indonesian coast,,,2001-2006,2001
Galeomorphii,1,Carcharhinus dussumieri,Western Australian and Indonesian coast,,,2001-2006,2001
Galeomorphii,1,Carcharhinus dussumieri,Western Australian and Indonesian coast,,,2001-2006,2001
Galeomorphii,1,Carcharhinus dussumieri,Western Australian and Indonesian coast,,,2001-2006,2001
Galeomorphii,1,Carcharhinus dussumieri,Western Australian and Indonesian coast,,,2001-2006,2001
Galeomorphii,1,Carcharhinus leucas,Western Australian and Indonesian coast,,,2001-2006,2001
Galeomorphii,1,Carcharhinus leucas,Western Australian and Indonesian coast,,,2001-2006,2001
Galeomorphii,1,Carcharhinus limbatus,Western Australian and Indonesian coast,,,2001-2006,2001
Galeomorphii,1,Carcharhinus limbatus,Western Australian and Indonesian coast,,,2001-2006,2001
Galeomorphii,1,Carcharhinus limbatus,Western Australian and Indonesian coast,,,2001-2006,2001
Galeomorphii,1,Carcharhinus limbatus,Western Australian and Indonesian coast,,,2001-2006,2001
Galeomorphii,1,Carcharhinus limbatus,Western Australian and Indonesian coast,,,2001-2006,2001
Galeomorphii,1,Carcharhinus limbatus,Western Australian and Indonesian coast,,,2001-2006,2001
Galeomorphii,1,Carcharhinus limbatus,Western Australian and Indonesian coast,,,2001-2006,2001
Galeomorphii,1,Carcharhinus limbatus,Western Australian and Indonesian coast,,,2001-2006,2001
Galeomorphii,1,Carcharhinus limbatus,Western Australian and Indonesian coast,,,2001-2006,2001
Galeomorphii,1,Carcharhinus limbatus,Western Australian and Indonesian coast,,,2001-2006,2001
Galeomorphii,1,Carcharhinus longimanus,Western Australian and Indonesian coast,,,2001-2006,2001
Galeomorphii,1,Carcharhinus longimanus,Western Australian and Indonesian coast,,,2001-2006,2001
Galeomorphii,1,Carcharhinus longimanus,Western Australian and Indonesian coast,,,2001-2006,2001
Galeomorphii,1,Carcharhinus longimanus,Western Australian and Indonesian coast,,,2001-2006,2001
Galeomorphii,1,Carcharhinus longimanus,Western Australian and Indonesian coast,,,2001-2006,2001
Galeomorphii,1,Carcharhinus macloti,Western Australian and Indonesian coast,,,2001-2006,2001
Galeomorphii,1,Carcharhinus macloti,Western Australian and Indonesian coast,,,2001-2006,2001
Galeomorphii,1,Carcharhinus macloti,Western Australian and Indonesian coast,,,2001-2006,2001
Galeomorphii,1,Carcharhinus macloti,Western Australian and Indonesian coast,,,2001-2006,2001
Galeomorphii,1,Carcharhinus macloti,Western Australian and Indonesian coast,,,2001-2006,2001
Galeomorphii,1,Carcharhinus melanopterus,Western Australian and Indonesian coast,,,2001-2006,2001
Galeomorphii,1,Carcharhinus melanopterus,Western Australian and Indonesian coast,,,2001-2006,2001
Galeomorphii,1,Carcharhinus melanopterus,Western Australian and Indonesian coast,,,2001-2006,2001
Galeomorphii,1,Carcharhinus melanopterus,Western Australian and Indonesian coast,,,2001-2006,2001
Galeomorphii,1,Carcharhinus melanopterus,Western Australian and Indonesian coast,,,2001-2006,2001
Galeomorphii,1,Carcharhinus melanopterus,Western Australian and Indonesian coast,,,2001-2006,2001
Galeomorphii,1,Carcharhinus melanopterus,Western Australian and Indonesian coast,,,2001-2006,2001
Galeomorphii,1,Carcharhinus melanopterus,Western Australian and Indonesian coast,,,2001-2006,2001
Galeomorphii,1,Carcharhinus obscurus,Western Australian and Indonesian coast,,,2001-2006,2001
Galeomorphii,1,Carcharhinus obscurus,Western Australian and Indonesian coast,,,2001-2006,2001
Galeomorphii,1,Carcharhinus obscurus,Western Australian and Indonesian coast,,,2001-2006,2001
Galeomorphii,1,Carcharhinus obscurus,Western Australian and Indonesian coast,,,2001-2006,2001
Galeomorphii,1,Carcharhinus plumbeus,Western Australian and Indonesian coast,,,2001-2006,2001
Galeomorphii,1,Carcharhinus plumbeus,Western Australian and Indonesian coast,,,2001-2006,2001
Galeomorphii,1,Carcharhinus plumbeus,Western Australian and Indonesian coast,,,2001-2006,2001
Galeomorphii,1,Carcharhinus sealei,Western Australian and Indonesian coast,,,2001-2006,2001
Galeomorphii,1,Carcharhinus sealei,Western Australian and Indonesian coast,,,2001-2006,2001
Galeomorphii,1,Carcharhinus sorrah,Western Australian and Indonesian coast,,,2001-2006,2001
Galeomorphii,1,Carcharhinus sorrah,Western Australian and Indonesian coast,,,2001-2006,2001
Galeomorphii,1,Carcharhinus sorrah,Western Australian and Indonesian coast,,,2001-2006,2001
Galeomorphii,1,Carcharhinus sorrah,Western Australian and Indonesian coast,,,2001-2006,2001
Galeomorphii,1,Carcharhinus sorrah,Western Australian and Indonesian coast,,,2001-2006,2001
Galeomorphii,1,Carcharhinus sorrah,Western Australian and Indonesian coast,,,2001-2006,2001
Galeomorphii,1,Carcharhinus sorrah,Western Australian and Indonesian coast,,,2001-2006,2001
Galeomorphii,1,Carcharhinus sorrah,Western Australian and Indonesian coast,,,2001-2006,2001
Galeomorphii,1,Carcharhinus sorrah,Western Australian and Indonesian coast,,,2001-2006,2001
Galeomorphii,1,Carcharhinus sorrah,Western Australian and Indonesian coast,,,2001-2006,2001
Galeomorphii,1,Carcharhinus sorrah,Western Australian and Indonesian coast,,,2001-2006,2001
Galeomorphii,1,Carcharhinus sorrah,Western Australian and Indonesian coast,,,2001-2006,2001
Galeomorphii,1,Carcharhinus sorrah,Western Australian and Indonesian coast,,,2001-2006,2001
Galeomorphii,1,Galeocerdo cuvier,Western Australian and Indonesian coast,,,2001-2006,2001
Galeomorphii,1,Galeocerdo cuvier,Western Australian and Indonesian coast,,,2001-2006,2001
Galeomorphii,1,Galeocerdo cuvier,Western Australian and Indonesian coast,,,2001-2006,2001
Galeomorphii,1,Galeocerdo cuvier,Western Australian and Indonesian coast,,,2001-2006,2001
Galeomorphii,1,Loxodon macrorhinus,Western Australian and Indonesian coast,,,2001-2006,2001
Galeomorphii,1,Loxodon macrorhinus,Western Australian and Indonesian coast,,,2001-2006,2001
Galeomorphii,1,Loxodon macrorhinus,Western Australian and Indonesian coast,,,2001-2006,2001
Galeomorphii,1,Loxodon macrorhinus,Western Australian and Indonesian coast,,,2001-2006,2001
Galeomorphii,1,Loxodon macrorhinus,Western Australian and Indonesian coast,,,2001-2006,2001
Galeomorphii,1,Loxodon macrorhinus,Western Australian and Indonesian coast,,,2001-2006,2001
Galeomorphii,1,Loxodon macrorhinus,Western Australian and Indonesian coast,,,2001-2006,2001
Galeomorphii,1,Loxodon macrorhinus,Western Australian and Indonesian coast,,,2001-2006,2001
Galeomorphii,1,Loxodon macrorhinus,Western Australian and Indonesian coast,,,2001-2006,2001
Galeomorphii,1,Loxodon macrorhinus,Western Australian and Indonesian coast,,,2001-2006,2001
Galeomorphii,1,Prionace glauca,Western Australian and Indonesian coast,,,2001-2006,2001
Galeomorphii,1,Prionace glauca,Western Australian and Indonesian coast,,,2001-2006,2001
Galeomorphii,1,Prionace glauca,Western Australian and Indonesian coast,,,2001-2006,2001
Galeomorphii,1,Rhizoprionodon acutus,Western Australian and Indonesian coast,,,2001-2006,2001
Galeomorphii,1,Rhizoprionodon acutus,Western Australian and Indonesian coast,,,2001-2006,2001
Galeomorphii,1,Rhizoprionodon acutus,Western Australian and Indonesian coast,,,2001-2006,2001
Galeomorphii,1,Rhizoprionodon acutus,Western Australian and Indonesian coast,,,2001-2006,2001
Galeomorphii,1,Rhizoprionodon acutus,Western Australian and Indonesian coast,,,2001-2006,2001
Galeomorphii,1,Rhizoprionodon acutus,Western Australian and Indonesian coast,,,2001-2006,2001
Galeomorphii,1,Rhizoprionodon acutus,Western Australian and Indonesian coast,,,2001-2006,2001
Galeomorphii,1,Rhizoprionodon acutus,Western Australian and Indonesian coast,,,2001-2006,2001
Galeomorphii,1,Rhizoprionodon acutus,Western Australian and Indonesian coast,,,2001-2006,2001
Galeomorphii,1,Rhizoprionodon acutus,Western Australian and Indonesian coast,,,2001-2006,2001
Galeomorphii,1,Rhizoprionodon acutus,Western Australian and Indonesian coast,,,2001-2006,2001
Galeomorphii,1,Rhizoprionodon acutus,Western Australian and Indonesian coast,,,2001-2006,2001
Galeomorphii,1,Rhizoprionodon oligolinx,Western Australian and Indonesian coast,,,2001-2006,2001
Galeomorphii,1,Rhizoprionodon oligolinx,Western Australian and Indonesian coast,,,2001-2006,2001
Galeomorphii,1,Rhizoprionodon oligolinx,Western Australian and Indonesian coast,,,2001-2006,2001
Galeomorphii,1,Rhizoprionodon oligolinx,Western Australian and Indonesian coast,,,2001-2006,2001
Galeomorphii,1,Rhizoprionodon oligolinx,Western Australian and Indonesian coast,,,2001-2006,2001
Galeomorphii,1,Rhizoprionodon oligolinx,Western Australian and Indonesian coast,,,2001-2006,2001
Galeomorphii,1,Rhizoprionodon taylori,Western Australian and Indonesian coast,,,2001-2006,2001
Galeomorphii,1,Rhizoprionodon taylori,Western Australian and Indonesian coast,,,2001-2006,2001
Galeomorphii,1,Rhizoprionodon taylori,Western Australian and Indonesian coast,,,2001-2006,2001
Galeomorphii,1,Scoliodon laticaudus,Western Australian and Indonesian coast,,,2001-2006,2001
Galeomorphii,1,Scoliodon laticaudus,Western Australian and Indonesian coast,,,2001-2006,2001
Galeomorphii,1,Triaenodon obesus,Western Australian and Indonesian coast,,,2001-2006,2001
Galeomorphii,1,Triaenodon obesus,Western Australian and Indonesian coast,,,2001-2006,2001
Galeomorphii,1,Triaenodon obesus,Western Australian and Indonesian coast,,,2001-2006,2001
Galeomorphii,1,Triaenodon obesus,Western Australian and Indonesian coast,,,2001-2006,2001
Galeomorphii,1,Triaenodon obesus,Western Australian and Indonesian coast,,,2001-2006,2001
Galeomorphii,1,Triaenodon obesus,Western Australian and Indonesian coast,,,2001-2006,2001
Galeomorphii,1,Triaenodon obesus,Western Australian and Indonesian coast,,,2001-2006,2001
Galeomorphii,1,Triaenodon obesus,Western Australian and Indonesian coast,,,2001-2006,2001
Galeomorphii,1,Triaenodon obesus,Western Australian and Indonesian coast,,,2001-2006,2001
Galeomorphii,1,Triaenodon obesus,Western Australian and Indonesian coast,,,2001-2006,2001
Galeomorphii,1,Triaenodon obesus,Western Australian and Indonesian coast,,,2001-2006,2001
Galeomorphii,1,Carcharhinus limbatus,Western Australian and Indonesian coast,,,2001-2006,2001
Galeomorphii,1,Carcharhinus leucas,Eastern India coast,,,2009,2009
Galeomorphii,1,Carcharhinus leucas,Eastern India coast,,,2009,2009
Galeomorphii,1,Atelomycterus baliensis,Western Australian and Indonesian coast,,,2001-2006,2001
Galeomorphii,1,Atelomycterus baliensis,Western Australian and Indonesian coast,,,2001-2006,2001
Galeomorphii,1,Atelomycterus marmoratus,Western Australian and Indonesian coast,,,2001-2006,2001
Galeomorphii,1,Atelomycterus marmoratus,Western Australian and Indonesian coast,,,2001-2006,2001
Galeomorphii,1,Atelomycterus marmoratus,Western Australian and Indonesian coast,,,2001-2006,2001
Galeomorphii,1,Atelomycterus marmoratus,Western Australian and Indonesian coast,,,2001-2006,2001
Galeomorphii,1,Cephaloscyllium speccum,Western Australian and Indonesian coast,,,2001-2006,2001
Galeomorphii,1,Cephaloscyllium speccum,Western Australian and Indonesian coast,,,2001-2006,2001
Galeomorphii,1,Halaelurus maculosus,Western Australian and Indonesian coast,,,2001-2006,2001
Galeomorphii,1,Halaelurus maculosus,Western Australian and Indonesian coast,,,2001-2006,2001
Galeomorphii,1,Halaelurus maculosus,Western Australian and Indonesian coast,,,2001-2006,2001
Galeomorphii,1,Halaelurus maculosus,Western Australian and Indonesian coast,,,2001-2006,2001
Galeomorphii,1,Halaelurus maculosus,Western Australian and Indonesian coast,,,2001-2006,2001
Galeomorphii,1,Halaelurus maculosus,Western Australian and Indonesian coast,,,2001-2006,2001
Galeomorphii,1,Halaelurus maculosus,Western Australian and Indonesian coast,,,2001-2006,2001
Galeomorphii,1,Hemitriakis indroyonoi,Western Australian and Indonesian coast,,,2001-2006,2001
Galeomorphii,1,Hemitriakis indroyonoi,Western Australian and Indonesian coast,,,2001-2006,2001
Galeomorphii,1,Hemitriakis indroyonoi,Western Australian and Indonesian coast,,,2001-2006,2001
Galeomorphii,1,Hemitriakis indroyonoi,Western Australian and Indonesian coast,,,2001-2006,2001
Galeomorphii,1,Hemitriakis indroyonoi,Western Australian and Indonesian coast,,,2001-2006,2001
Galeomorphii,1,Hemitriakis indroyonoi,Western Australian and Indonesian coast,,,2001-2006,2001
Galeomorphii,1,Hemitriakis indroyonoi,Western Australian and Indonesian coast,,,2001-2006,2001
Galeomorphii,1,Hemitriakis indroyonoi,Western Australian and Indonesian coast,,,2001-2006,2001
Galeomorphii,1,Hemitriakis indroyonoi,Western Australian and Indonesian coast,,,2001-2006,2001
Galeomorphii,1,Hemitriakis indroyonoi,Western Australian and Indonesian coast,,,2001-2006,2001
Galeomorphii,1,Hemitriakis indroyonoi,Western Australian and Indonesian coast,,,2001-2006,2001
Galeomorphii,1,Hemitriakis indroyonoi,Western Australian and Indonesian coast,,,2001-2006,2001
Galeomorphii,1,Hemitriakis indroyonoi,Western Australian and Indonesian coast,,,2001-2006,2001
Galeomorphii,1,Iago garricki,Western Australian and Indonesian coast,,,2001-2006,2001
Galeomorphii,1,Iago garricki,Western Australian and Indonesian coast,,,2001-2006,2001
Galeomorphii,1,Iago garricki,Western Australian and Indonesian coast,,,2001-2006,2001
Galeomorphii,1,Mustelus manazo,Western Australian and Indonesian coast,,,2001-2006,2001
Galeomorphii,1,Mustelus manazo,Western Australian and Indonesian coast,,,2001-2006,2001
Galeomorphii,1,Mustelus manazo,Western Australian and Indonesian coast,,,2001-2006,2001
Galeomorphii,1,Mustelus manazo,Western Australian and Indonesian coast,,,2001-2006,2001
Galeomorphii,1,Mustelus manazo,Western Australian and Indonesian coast,,,2001-2006,2001
Galeomorphii,1,Mustelus manazo,Western Australian and Indonesian coast,,,2001-2006,2001
Galeomorphii,1,Mustelus manazo,Western Australian and Indonesian coast,,,2001-2006,2001
Galeomorphii,1,Mustelus manazo,Western Australian and Indonesian coast,,,2001-2006,2001
Galeomorphii,1,Mustelus manazo,Western Australian and Indonesian coast,,,2001-2006,2001
Galeomorphii,1,Mustelus manazo,Western Australian and Indonesian coast,,,2001-2006,2001
Galeomorphii,1,Mustelus manazo,Western Australian and Indonesian coast,,,2001-2006,2001
Galeomorphii,1,Mustelus manazo,Western Australian and Indonesian coast,,,2001-2006,2001
Galeomorphii,1,Mustelus manazo,Western Australian and Indonesian coast,,,2001-2006,2001
Galeomorphii,1,Mustelus manazo,Western Australian and Indonesian coast,,,2001-2006,2001
Galeomorphii,1,Mustelus widodoi,Western Australian and Indonesian coast,,,2001-2006,2001
Galeomorphii,1,Mustelus widodoi,Western Australian and Indonesian coast,,,2001-2006,2001
Galeomorphii,1,Mustelus widodoi,Western Australian and Indonesian coast,,,2001-2006,2001
Galeomorphii,1,Chaenogaleus macrostoma,Western Australian and Indonesian coast,,,2001-2006,2001
Galeomorphii,1,Chaenogaleus macrostoma,Western Australian and Indonesian coast,,,2001-2006,2001
Galeomorphii,1,Chaenogaleus macrostoma,Western Australian and Indonesian coast,,,2001-2006,2001
Galeomorphii,1,Hemigaleus microstoma,Western Australian and Indonesian coast,,,2001-2006,2001
Galeomorphii,1,Hemigaleus microstoma,Western Australian and Indonesian coast,,,2001-2006,2001
Galeomorphii,1,Hemigaleus microstoma,Western Australian and Indonesian coast,,,2001-2006,2001
Galeomorphii,1,Hemigaleus microstoma,Western Australian and Indonesian coast,,,2001-2006,2001
Galeomorphii,1,Hemigaleus microstoma,Western Australian and Indonesian coast,,,2001-2006,2001
Galeomorphii,1,Hemigaleus microstoma,Western Australian and Indonesian coast,,,2001-2006,2001
Galeomorphii,1,Hemigaleus microstoma,Western Australian and Indonesian coast,,,2001-2006,2001
Galeomorphii,1,Hemigaleus microstoma,Western Australian and Indonesian coast,,,2001-2006,2001
Galeomorphii,1,Hemigaleus microstoma,Western Australian and Indonesian coast,,,2001-2006,2001
Galeomorphii,1,Hemigaleus microstoma,Western Australian and Indonesian coast,,,2001-2006,2001
Galeomorphii,1,Hemigaleus microstoma,Western Australian and Indonesian coast,,,2001-2006,2001
Galeomorphii,1,Hemipristis elongata,Western Australian and Indonesian coast,,,2001-2006,2001
Galeomorphii,1,Hemipristis elongata,Western Australian and Indonesian coast,,,2001-2006,2001
Galeomorphii,1,Hemipristis elongata,Western Australian and Indonesian coast,,,2001-2006,2001
Galeomorphii,1,Paragaleus tengi,Western Australian and Indonesian coast,,,2001-2006,2001
Galeomorphii,1,Pseudotriakis microdon,Western Australian and Indonesian coast,,,2001-2006,2001
Galeomorphii,1,Triaenodon obesus,North Pacific Tropical gyre,16.75,-169.5,1968-1971,1968
Galeomorphii,1,Triaenodon obesus,North Pacific Tropical gyre,16.75,-169.5,1968-1971,1968
Galeomorphii,1,Triaenodon obesus,North Pacific Tropical gyre,16.75,-169.5,1968-1971,1968
Galeomorphii,1,Triaenodon obesus,North Pacific Tropical gyre,16.75,-169.5,1968-1971,1968
Galeomorphii,1,Triaenodon obesus,North Pacific Tropical gyre,,,1951,1951
Galeomorphii,1,Triaenodon obesus,North Pacific Tropical gyre,,,1951,1951
Galeomorphii,1,Triaenodon obesus,North Pacific Tropical gyre,,,1951,1951
Galeomorphii,1,Triaenodon obesus,California current,19.306139,-104.961083,2015,2015
Galeomorphii,1,Triaenodon obesus,California current,19.306139,-104.961083,2015,2015
Galeomorphii,1,Triaenodon obesus,North Pacific Tropical gyre,,,2000-2008,2000
Galeomorphii,1,Triaenodon obesus,North Pacific Tropical gyre,,,2000-2008,2000
Galeomorphii,1,Triaenodon obesus,North Pacific Tropical gyre,,,1982,1982
Galeomorphii,1,Triaenodon obesus,North Pacific Tropical gyre,,,1982,1982
Galeomorphii,1,Triaenodon obesus,California current,,,2001-2003,2001
Galeomorphii,1,Triaenodon obesus,California current,,,2001-2003,2001
Galeomorphii,1,Triaenodon obesus,California current,,,2001-2003,2001
Galeomorphii,1,Triaenodon obesus,California current,,,2001-2003,2001
Galeomorphii,1,Carcharhinus galapagensis,North Pacific Tropical gyre,20,-158,1967-1969,1967
Galeomorphii,1,Carcharhinus galapagensis,North Pacific Tropical gyre,20,-158,1967-1969,1967
Galeomorphii,1,Carcharhinus galapagensis,North Pacific Tropical gyre,20,-158,1967-1969,1967
Galeomorphii,1,Carcharhinus galapagensis,North Pacific Tropical gyre,20,-158,1967-1969,1967
Galeomorphii,1,Carcharhinus galapagensis,North Pacific Tropical gyre,20,-158,1967-1969,1967
Galeomorphii,1,Carcharhinus galapagensis,North Pacific Tropical gyre,20,-158,1967-1969,1967
Galeomorphii,1,Carcharhinus galapagensis,North Pacific Tropical gyre,20,-158,1967-1969,1967
Galeomorphii,1,Carcharhinus galapagensis,North Pacific Tropical gyre,20,-158,1967-1969,1967
Galeomorphii,1,Carcharhinus galapagensis,North Pacific Tropical gyre,20,-158,1967-1969,1967
Galeomorphii,1,Carcharhinus galapagensis,North Pacific Tropical gyre,20,-158,1967-1969,1967
Galeomorphii,1,Carcharhinus galapagensis,North Pacific Tropical gyre,20,-158,1967-1969,1967
Galeomorphii,1,Carcharhinus galapagensis,North Pacific Tropical gyre,20,-158,1967-1969,1967
Galeomorphii,1,Carcharhinus galapagensis,North Pacific Tropical gyre,20,-158,1967-1969,1967
Galeomorphii,1,Carcharhinus galapagensis,North Pacific Tropical gyre,20,-158,1967-1969,1967
Galeomorphii,1,Carcharhinus galapagensis,North Pacific Tropical gyre,20,-158,1967-1969,1967
Galeomorphii,1,Carcharhinus galapagensis,North Pacific Tropical gyre,20,-158,1967-1969,1967
Galeomorphii,1,Carcharhinus galapagensis,North Pacific Tropical gyre,20,-158,1967-1969,1967
Galeomorphii,1,Carcharhinus galapagensis,North Pacific Tropical gyre,20,-158,1967-1969,1967
Galeomorphii,1,Carcharhinus galapagensis,North Pacific Tropical gyre,20,-158,1967-1969,1967
Galeomorphii,1,Carcharhinus galapagensis,North Pacific Tropical gyre,20,-158,1967-1969,1967
Galeomorphii,1,Carcharhinus galapagensis,North Pacific Tropical gyre,20,-158,1967-1969,1967
Galeomorphii,1,Carcharhinus galapagensis,North Pacific Tropical gyre,20,-158,1967-1969,1967
Galeomorphii,1,Carcharhinus galapagensis,North Pacific Tropical gyre,20,-158,1967-1969,1967
Galeomorphii,1,Carcharhinus borneensis,Sunda-Arafura shelves,2.883333,112.083333,,
Galeomorphii,1,Carcharhinus borneensis,Sunda-Arafura shelves,2.883333,112.083333,,
Galeomorphii,1,Carcharhinus borneensis,Sunda-Arafura shelves,,,1937,1937
Galeomorphii,1,Carcharhinus borneensis,Sunda-Arafura shelves,2.883333,112.083333,,
Galeomorphii,1,Carcharhinus borneensis,Sunda-Arafura shelves,2.883333,112.083333,,
Galeomorphii,1,Carcharhinus borneensis,Sunda-Arafura shelves,2.883333,112.083333,,
Galeomorphii,1,Carcharhinus borneensis,Sunda-Arafura shelves,2.883333,112.083333,,
Galeomorphii,1,Carcharhinus borneensis,Sunda-Arafura shelves,2.883333,112.083333,,
Galeomorphii,1,Lamiopsis tephrodes,Sunda-Arafura shelves,,,2003-2008(?),2003
Galeomorphii,1,Lamiopsis tephrodes,Sunda-Arafura shelves,,,2003-2008(?),2003
Galeomorphii,1,Lamiopsis tephrodes,Sunda-Arafura shelves,,,2003-2008(?),2003
Galeomorphii,1,Lamiopsis tephrodes,Sunda-Arafura shelves,,,2003-2008(?),2003
Galeomorphii,1,Lamiopsis temminckii,Sunda-Arafura shelves,,,,
Galeomorphii,1,Lamiopsis temminckii,Sunda-Arafura shelves,,,,
Galeomorphii,1,Carcharhinus leucas,Guianas coast,-3.387222,-44.831944,2015,2015
Galeomorphii,1,Carcharhinus leucas,Guianas coast,-3.387222,-44.831944,2015,2015
Galeomorphii,1,Carcharhinus brachyurus,Mediterranean Sea,,,1878,1878
Galeomorphii,1,Carcharhinus brachyurus,Mediterranean Sea,,,1878,1878
Galeomorphii,1,Carcharhinus brachyurus,Mediterranean Sea,38.033333,13.6125,2004,2004
Galeomorphii,1,Hemipristis elongata,Sunda-Arafura shelves,-6.724722,133.853333,2012,2012
Galeomorphii,1,Hemipristis elongata,Sunda-Arafura shelves,-7.016389,134.780556,2012,2012
Galeomorphii,1,Carcharhinus sorrah,East Australian coast,-20,149,2007-2013,2007
Galeomorphii,1,Carcharhinus sorrah,East Australian coast,-20,149,2007-2013,2007
Galeomorphii,1,Carcharhinus sorrah,East Australian coast,-20,149,2007-2013,2007
Galeomorphii,1,Carcharhinus sorrah,East Australian coast,-20,149,2007-2013,2007
Galeomorphii,1,Carcharhinus tilstoni,East Australian coast,-20,149,2007-2013,2007
Galeomorphii,1,Carcharhinus tilstoni,East Australian coast,-20,149,2007-2013,2007
Galeomorphii,1,Carcharhinus tilstoni,East Australian coast,-20,149,2007-2013,2007
Galeomorphii,1,Carcharhinus tilstoni,East Australian coast,-20,149,2007-2013,2007
Galeomorphii,1,Carcharhinus sorrah,East Australian coast,-20,149,2007-2013,2007
Galeomorphii,1,Carcharhinus sorrah,East Australian coast,-20,149,2007-2013,2007
Galeomorphii,1,Carcharhinus tilstoni,East Australian coast,-20,149,2007-2013,2007
Galeomorphii,1,Carcharhinus tilstoni,East Australian coast,-20,149,2007-2013,2007
Galeomorphii,1,Carcharhinus sorrah,East Australian coast,-20,149,2007-2013,2007
Galeomorphii,1,Carcharhinus sorrah,East Australian coast,-20,149,2007-2013,2007
Galeomorphii,1,Carcharhinus sorrah,East Australian coast,-20,149,2007-2013,2007
Galeomorphii,1,Carcharhinus sorrah,East Australian coast,-20,149,2007-2013,2007
Galeomorphii,1,Carcharhinus sorrah,East Australian coast,-20,149,2007-2013,2007
Galeomorphii,1,Carcharhinus sorrah,East Australian coast,-20,149,2007-2013,2007
Galeomorphii,1,Carcharhinus tilstoni,East Australian coast,-20,149,2007-2013,2007
Galeomorphii,1,Carcharhinus tilstoni,East Australian coast,-20,149,2007-2013,2007
Galeomorphii,1,Carcharhinus tilstoni,East Australian coast,-20,149,2007-2013,2007
Galeomorphii,1,Carcharhinus tilstoni,East Australian coast,-20,149,2007-2013,2007
Galeomorphii,1,Carcharhinus tilstoni,East Australian coast,-20,149,2007-2013,2007
Galeomorphii,1,Carcharhinus tilstoni,East Australian coast,-20,149,2007-2013,2007
Galeomorphii,1,Carcharhinus sorrah,East Australian coast,-20,149,2007-2013,2007
Galeomorphii,1,Carcharhinus sorrah,East Australian coast,-20,149,2007-2013,2007
Galeomorphii,1,Carcharhinus tilstoni,East Australian coast,-20,149,2007-2013,2007
Galeomorphii,1,Carcharhinus tilstoni,East Australian coast,-20,149,2007-2013,2007
Galeomorphii,1,Carcharhinus sorrah,East Australian coast,-20,149,2007-2013,2007
Galeomorphii,1,Carcharhinus sorrah,East Australian coast,-20,149,2007-2013,2007
Galeomorphii,1,Carcharhinus tilstoni,East Australian coast,-20,149,2007-2013,2007
Galeomorphii,1,Carcharhinus tilstoni,East Australian coast,-20,149,2007-2013,2007
Galeomorphii,1,Carcharhinus sorrah,East Australian coast,-20,149,2007-2013,2007
Galeomorphii,1,Carcharhinus sorrah,East Australian coast,-20,149,2007-2013,2007
Galeomorphii,1,Carcharhinus tilstoni,East Australian coast,-20,149,2007-2013,2007
Galeomorphii,1,Carcharhinus tilstoni,East Australian coast,-20,149,2007-2013,2007
Galeomorphii,1,Carcharhinus sorrah,East Australian coast,-20,149,2007-2013,2007
Galeomorphii,1,Carcharhinus sorrah,East Australian coast,-20,149,2007-2013,2007
Galeomorphii,1,Carcharhinus sorrah,East Australian coast,-20,149,2007-2013,2007
Galeomorphii,1,Carcharhinus sorrah,East Australian coast,-20,149,2007-2013,2007
Galeomorphii,1,Carcharhinus sorrah,East Australian coast,-20,149,2007-2013,2007
Galeomorphii,1,Carcharhinus sorrah,East Australian coast,-20,149,2007-2013,2007
Galeomorphii,1,Carcharhinus sorrah,East Australian coast,-20,149,2007-2013,2007
Galeomorphii,1,Carcharhinus sorrah,East Australian coast,-20,149,2007-2013,2007
Galeomorphii,1,Carcharhinus sorrah,East Australian coast,-20,149,2007-2013,2007
Galeomorphii,1,Carcharhinus sorrah,East Australian coast,-20,149,2007-2013,2007
Galeomorphii,1,Carcharhinus sorrah,East Australian coast,-20,149,2007-2013,2007
Galeomorphii,1,Carcharhinus sorrah,East Australian coast,-20,149,2007-2013,2007
Galeomorphii,1,Carcharhinus sorrah,East Australian coast,-20,149,2007-2013,2007
Galeomorphii,1,Carcharhinus sorrah,East Australian coast,-20,149,2007-2013,2007
Galeomorphii,1,Carcharhinus sorrah,East Australian coast,-20,149,2007-2013,2007
Galeomorphii,1,Carcharhinus sorrah,East Australian coast,-20,149,2007-2013,2007
Galeomorphii,1,Carcharhinus sorrah,East Australian coast,-20,149,2007-2013,2007
Galeomorphii,1,Carcharhinus sorrah,East Australian coast,-20,149,2007-2013,2007
Galeomorphii,1,Carcharhinus tilstoni,East Australian coast,-20,149,2007-2013,2007
Galeomorphii,1,Carcharhinus tilstoni,East Australian coast,-20,149,2007-2013,2007
Galeomorphii,1,Carcharhinus tilstoni,East Australian coast,-20,149,2007-2013,2007
Galeomorphii,1,Carcharhinus tilstoni,East Australian coast,-20,149,2007-2013,2007
Galeomorphii,1,Carcharhinus tilstoni,East Australian coast,-20,149,2007-2013,2007
Galeomorphii,1,Carcharhinus tilstoni,East Australian coast,-20,149,2007-2013,2007
Galeomorphii,1,Carcharhinus tilstoni,East Australian coast,-20,149,2007-2013,2007
Galeomorphii,1,Carcharhinus tilstoni,East Australian coast,-20,149,2007-2013,2007
Galeomorphii,1,Carcharhinus tilstoni,East Australian coast,-20,149,2007-2013,2007
Galeomorphii,1,Carcharhinus tilstoni,East Australian coast,-20,149,2007-2013,2007
Galeomorphii,1,Carcharhinus tilstoni,East Australian coast,-20,149,2007-2013,2007
Galeomorphii,1,Carcharhinus tilstoni,East Australian coast,-20,149,2007-2013,2007
Galeomorphii,1,Carcharhinus tilstoni,East Australian coast,-20,149,2007-2013,2007
Galeomorphii,1,Carcharhinus tilstoni,East Australian coast,-20,149,2007-2013,2007
Galeomorphii,1,Carcharhinus tilstoni,East Australian coast,-20,149,2007-2013,2007
Galeomorphii,1,Carcharhinus tilstoni,East Australian coast,-20,149,2007-2013,2007
Galeomorphii,1,Carcharhinus tilstoni,East Australian coast,-20,149,2007-2013,2007
Galeomorphii,1,Carcharhinus tilstoni,East Australian coast,-20,149,2007-2013,2007
Galeomorphii,1,Carcharhinus sorrah,East Australian coast,-20,149,2007-2013,2007
Galeomorphii,1,Carcharhinus sorrah,East Australian coast,-20,149,2007-2013,2007
Galeomorphii,1,Carcharhinus sorrah,East Australian coast,-20,149,2007-2013,2007
Galeomorphii,1,Carcharhinus sorrah,East Australian coast,-20,149,2007-2013,2007
Galeomorphii,1,Carcharhinus sorrah,East Australian coast,-20,149,2007-2013,2007
Galeomorphii,1,Carcharhinus sorrah,East Australian coast,-20,149,2007-2013,2007
Galeomorphii,1,Carcharhinus sorrah,East Australian coast,-20,149,2007-2013,2007
Galeomorphii,1,Carcharhinus sorrah,East Australian coast,-20,149,2007-2013,2007
Galeomorphii,1,Carcharhinus sorrah,East Australian coast,-20,149,2007-2013,2007
Galeomorphii,1,Carcharhinus sorrah,East Australian coast,-20,149,2007-2013,2007
Galeomorphii,1,Carcharhinus sorrah,East Australian coast,-20,149,2007-2013,2007
Galeomorphii,1,Carcharhinus sorrah,East Australian coast,-20,149,2007-2013,2007
Galeomorphii,1,Carcharhinus tilstoni,East Australian coast,-20,149,2007-2013,2007
Galeomorphii,1,Carcharhinus tilstoni,East Australian coast,-20,149,2007-2013,2007
Galeomorphii,1,Carcharhinus tilstoni,East Australian coast,-20,149,2007-2013,2007
Galeomorphii,1,Carcharhinus tilstoni,East Australian coast,-20,149,2007-2013,2007
Galeomorphii,1,Carcharhinus tilstoni,East Australian coast,-20,149,2007-2013,2007
Galeomorphii,1,Carcharhinus tilstoni,East Australian coast,-20,149,2007-2013,2007
Galeomorphii,1,Carcharhinus tilstoni,East Australian coast,-20,149,2007-2013,2007
Galeomorphii,1,Carcharhinus tilstoni,East Australian coast,-20,149,2007-2013,2007
Galeomorphii,1,Carcharhinus tilstoni,East Australian coast,-20,149,2007-2013,2007
Galeomorphii,1,Carcharhinus tilstoni,East Australian coast,-20,149,2007-2013,2007
Galeomorphii,1,Carcharhinus tilstoni,East Australian coast,-20,149,2007-2013,2007
Galeomorphii,1,Carcharhinus tilstoni,East Australian coast,-20,149,2007-2013,2007
Galeomorphii,1,Carcharhinus tilstoni,East Australian coast,-20,149,2007-2013,2007
Galeomorphii,1,Carcharhinus tilstoni,East Australian coast,-20,149,2007-2013,2007
Galeomorphii,1,Carcharhinus tilstoni,East Australian coast,-20,149,2007-2013,2007
Galeomorphii,1,Carcharhinus tilstoni,East Australian coast,-20,149,2007-2013,2007
Galeomorphii,1,Carcharhinus sorrah,East Australian coast,-20,149,2007-2013,2007
Galeomorphii,1,Carcharhinus sorrah,East Australian coast,-20,149,2007-2013,2007
Galeomorphii,1,Carcharhinus sorrah,East Australian coast,-20,149,2007-2013,2007
Galeomorphii,1,Carcharhinus tilstoni,East Australian coast,-20,149,2007-2013,2007
Galeomorphii,1,Carcharhinus tilstoni,East Australian coast,-20,149,2007-2013,2007
Galeomorphii,1,Carcharhinus tilstoni,East Australian coast,-20,149,2007-2013,2007
Galeomorphii,1,Carcharhinus sorrah,East Australian coast,-20,149,2007-2013,2007
Galeomorphii,1,Carcharhinus tilstoni,East Australian coast,-20,149,2007-2013,2007
Galeomorphii,1,Carcharhinus sorrah,East Australian coast,-20,149,2007-2013,2007
Galeomorphii,1,Carcharhinus sorrah,East Australian coast,-20,149,2007-2013,2007
Galeomorphii,1,Carcharhinus sorrah,East Australian coast,-20,149,2007-2013,2007
Galeomorphii,1,Carcharhinus sorrah,East Australian coast,-20,149,2007-2013,2007
Galeomorphii,1,Carcharhinus tilstoni,East Australian coast,-20,149,2007-2013,2007
Galeomorphii,1,Carcharhinus tilstoni,East Australian coast,-20,149,2007-2013,2007
Galeomorphii,1,Carcharhinus tilstoni,East Australian coast,-20,149,2007-2013,2007
Galeomorphii,1,Carcharhinus sorrah,East Australian coast,-20,149,2007-2013,2007
Galeomorphii,1,Carcharhinus leucas,Caribbean,,,1979-1985,1979
Galeomorphii,1,Carcharhinus leucas,Caribbean,,,1979-1985,1979
Galeomorphii,1,Carcharhinus leucas,Caribbean,,,1979-1985,1979
Galeomorphii,1,Carcharhinus leucas,Caribbean,,,1979-1985,1979
Galeomorphii,1,Carcharhinus leucas,Caribbean,,,1979-1985,1979
Galeomorphii,1,Carcharhinus leucas,Caribbean,,,1979-1985,1979
Galeomorphii,1,Carcharhinus leucas,Caribbean,,,1979-1985,1979
Galeomorphii,1,Carcharhinus leucas,Caribbean,,,1979-1985,1979
Galeomorphii,1,Carcharhinus leucas,Caribbean,,,1979-1985,1979
Galeomorphii,1,Carcharhinus leucas,Caribbean,,,1979-1985,1979
Galeomorphii,1,Carcharhinus leucas,Caribbean,,,1979-1985,1979
Galeomorphii,1,Carcharhinus leucas,Caribbean,,,1979-1985,1979
Galeomorphii,1,Carcharhinus leucas,Caribbean,,,1979-1985,1979
Galeomorphii,1,Carcharhinus leucas,Caribbean,,,1979-1985,1979
Galeomorphii,1,Carcharhinus leucas,Caribbean,,,1979-1985,1979
Galeomorphii,1,Carcharhinus leucas,Caribbean,,,1979-1985,1979
Galeomorphii,1,Negaprion brevirostris,Caribbean,,,1979-1986,1979
Galeomorphii,1,Negaprion brevirostris,Caribbean,,,1979-1986,1979
Galeomorphii,1,Negaprion brevirostris,Caribbean,,,1979-1986,1979
Galeomorphii,1,Negaprion brevirostris,Caribbean,,,1979-1986,1979
Galeomorphii,1,Negaprion brevirostris,Caribbean,,,1979-1986,1979
Galeomorphii,1,Negaprion brevirostris,Caribbean,,,1979-1986,1979
Galeomorphii,1,Negaprion brevirostris,Caribbean,,,1979-1986,1979
Galeomorphii,1,Negaprion brevirostris,Caribbean,,,1979-1986,1979
Galeomorphii,1,Negaprion brevirostris,Caribbean,,,1979-1986,1979
Galeomorphii,1,Negaprion brevirostris,Caribbean,,,1979-1986,1979
Galeomorphii,1,Negaprion brevirostris,Caribbean,,,1979-1986,1979
Galeomorphii,1,Negaprion brevirostris,Caribbean,,,1979-1986,1979
Galeomorphii,1,Negaprion brevirostris,Caribbean,,,1979-1986,1979
Galeomorphii,1,Negaprion brevirostris,Caribbean,,,1979-1986,1979
Galeomorphii,1,Negaprion brevirostris,Caribbean,,,1979-1986,1979
Galeomorphii,1,Negaprion brevirostris,Caribbean,,,1979-1986,1979
Galeomorphii,1,Negaprion brevirostris,Caribbean,,,1979-1986,1979
Galeomorphii,1,Rhizoprionodon taylori,East Australian coast,-19.25,146.833333,1986-1990,1986
Galeomorphii,1,Rhizoprionodon taylori,East Australian coast,-19.25,146.833333,1986-1990,1986
Galeomorphii,1,Rhizoprionodon taylori,East Australian coast,-19.25,146.833333,1986-1990,1986
Galeomorphii,1,Rhizoprionodon taylori,East Australian coast,-19.25,146.833333,1986-1990,1986
Galeomorphii,1,Rhizoprionodon taylori,East Australian coast,-19.25,146.833333,1986-1990,1986
Galeomorphii,1,Rhizoprionodon taylori,East Australian coast,-19.25,146.833333,1986-1990,1986
Galeomorphii,1,Rhizoprionodon taylori,East Australian coast,-19.25,146.833333,1986-1990,1986
Galeomorphii,1,Rhizoprionodon taylori,East Australian coast,-19.25,146.833333,1986-1990,1986
Galeomorphii,1,Rhizoprionodon taylori,East Australian coast,-19.25,146.833333,1986-1990,1986
Galeomorphii,1,Rhizoprionodon taylori,East Australian coast,-19.25,146.833333,1986-1990,1986
Galeomorphii,1,Rhizoprionodon taylori,East Australian coast,-19.25,146.833333,1986-1990,1986
Galeomorphii,1,Rhizoprionodon taylori,East Australian coast,-19.25,146.833333,1986-1990,1986
Galeomorphii,1,Rhizoprionodon taylori,East Australian coast,-19.25,146.833333,1986-1990,1986
Galeomorphii,1,Rhizoprionodon taylori,East Australian coast,-19.25,146.833333,1986-1990,1986
Galeomorphii,1,Rhizoprionodon taylori,East Australian coast,-19.25,146.833333,1986-1990,1986
Galeomorphii,1,Rhizoprionodon taylori,East Australian coast,-19.25,146.833333,1986-1990,1986
Galeomorphii,1,Rhizoprionodon taylori,East Australian coast,-19.25,146.833333,1986-1990,1986
Galeomorphii,1,Rhizoprionodon taylori,East Australian coast,-19.25,146.833333,1986-1990,1986
Galeomorphii,1,Rhizoprionodon taylori,East Australian coast,-19.25,146.833333,1986-1990,1986
Galeomorphii,1,Rhizoprionodon taylori,East Australian coast,-19.25,146.833333,1986-1990,1986
Galeomorphii,1,Rhizoprionodon taylori,East Australian coast,-19.25,146.833333,1986-1990,1986
Galeomorphii,1,Rhizoprionodon taylori,East Australian coast,-19.25,146.833333,1986-1990,1986
Galeomorphii,1,Rhizoprionodon taylori,East Australian coast,-19.25,146.833333,1986-1990,1986
Galeomorphii,1,Rhizoprionodon taylori,East Australian coast,-19.25,146.833333,1986-1990,1986
Galeomorphii,1,Rhizoprionodon taylori,East Australian coast,-19.25,146.833333,1986-1990,1986
Galeomorphii,1,Rhizoprionodon taylori,East Australian coast,-19.25,146.833333,1986-1990,1986
Galeomorphii,1,Rhizoprionodon taylori,East Australian coast,-19.25,146.833333,1986-1990,1986
Galeomorphii,1,Rhizoprionodon taylori,East Australian coast,-19.25,146.833333,1986-1990,1986
Galeomorphii,1,Rhizoprionodon taylori,East Australian coast,-19.25,146.833333,1986-1990,1986
Galeomorphii,1,Rhizoprionodon taylori,East Australian coast,-19.25,146.833333,1986-1990,1986
Galeomorphii,1,Rhizoprionodon taylori,East Australian coast,-19.25,146.833333,1986-1990,1986
Galeomorphii,1,Carcharhinus obscurus,Western Australian and Indonesian coast,29,129,1994-1996,1994
Galeomorphii,1,Carcharhinus obscurus,Western Australian and Indonesian coast,29,129,1994-1996,1994
Galeomorphii,1,Carcharhinus obscurus,Western Australian and Indonesian coast,29,129,1994-1996,1994
Galeomorphii,1,Carcharhinus obscurus,Western Australian and Indonesian coast,29,129,1994-1996,1994
Galeomorphii,1,Carcharhinus obscurus,Western Australian and Indonesian coast,29,129,1994-1996,1994
Galeomorphii,1,Carcharhinus obscurus,Western Australian and Indonesian coast,29,129,1994-1996,1994
Galeomorphii,1,Carcharhinus obscurus,Western Australian and Indonesian coast,29,129,1994-1996,1994
Galeomorphii,1,Carcharhinus obscurus,Western Australian and Indonesian coast,29,129,1994-1996,1994
Galeomorphii,1,Carcharhinus obscurus,Western Australian and Indonesian coast,29,129,1994-1996,1994
Galeomorphii,1,Carcharhinus obscurus,Western Australian and Indonesian coast,29,129,1994-1996,1994
Galeomorphii,1,Carcharhinus obscurus,Western Australian and Indonesian coast,29,129,1994-1996,1994
Galeomorphii,1,Carcharhinus obscurus,Western Australian and Indonesian coast,29,129,1994-1996,1994
Galeomorphii,1,Carcharhinus obscurus,Western Australian and Indonesian coast,29,129,1994-1996,1994
Galeomorphii,1,Carcharhinus obscurus,Western Australian and Indonesian coast,29,129,1994-1996,1994
Galeomorphii,1,Carcharhinus obscurus,Western Australian and Indonesian coast,29,129,1994-1996,1994
Galeomorphii,1,Carcharhinus obscurus,Western Australian and Indonesian coast,29,129,1994-1996,1994
Galeomorphii,1,Carcharhinus obscurus,Western Australian and Indonesian coast,29,129,1994-1996,1994
Galeomorphii,1,Carcharhinus obscurus,Western Australian and Indonesian coast,29,129,1994-1996,1994
Galeomorphii,1,Carcharhinus obscurus,Western Australian and Indonesian coast,29,129,1994-1996,1994
Galeomorphii,1,Carcharhinus obscurus,Northwest Atlantic shelves,,,1963-1993,1963
Galeomorphii,1,Carcharhinus obscurus,Northwest Atlantic shelves,,,1963-1993,1963
Galeomorphii,1,Carcharhinus obscurus,Northwest Atlantic shelves,,,1963-1993,1963
Galeomorphii,1,Carcharhinus obscurus,Northwest Atlantic shelves,,,1963-1993,1963
Galeomorphii,1,Carcharhinus obscurus,Northwest Atlantic shelves,,,1963-1993,1963
Galeomorphii,1,Carcharhinus obscurus,Northwest Atlantic shelves,,,1963-1993,1963
Galeomorphii,1,Carcharhinus obscurus,Northwest Atlantic shelves,,,1963-1993,1963
Galeomorphii,1,Carcharhinus obscurus,Northwest Atlantic shelves,,,1963-1993,1963
Galeomorphii,1,Carcharhinus obscurus,Northwest Atlantic shelves,,,1963-1993,1963
Galeomorphii,1,Carcharhinus obscurus,Northwest Atlantic shelves,,,1963-1993,1963
Galeomorphii,1,Carcharhinus obscurus,Northwest Atlantic shelves,,,1963-1993,1963
Galeomorphii,1,Carcharhinus obscurus,Northwest Atlantic shelves,,,1963-1993,1963
Galeomorphii,1,Carcharhinus obscurus,Northwest Atlantic shelves,,,1963-1993,1963
Galeomorphii,1,Carcharhinus obscurus,Northwest Atlantic shelves,,,1963-1993,1963
Galeomorphii,1,Carcharhinus obscurus,Northwest Atlantic shelves,,,1963-1993,1963
Galeomorphii,1,Carcharhinus obscurus,Northwest Atlantic shelves,,,1963-1993,1963
Galeomorphii,1,Carcharhinus obscurus,Northwest Atlantic shelves,,,1963-1993,1963
Galeomorphii,1,Carcharhinus obscurus,Northwest Atlantic shelves,,,1963-1993,1963
Galeomorphii,1,Carcharhinus obscurus,Northwest Atlantic shelves,,,1963-1993,1963
Galeomorphii,1,Carcharhinus obscurus,Northwest Atlantic shelves,,,1963-1993,1963
Galeomorphii,1,Carcharhinus obscurus,Northwest Atlantic shelves,,,1963-1993,1963
Galeomorphii,1,Carcharhinus obscurus,Northwest Atlantic shelves,,,1963-1993,1963
Galeomorphii,1,Carcharhinus obscurus,Northwest Atlantic shelves,,,1963-1993,1963
Galeomorphii,1,Carcharhinus obscurus,Northwest Atlantic shelves,,,1963-1993,1963
Galeomorphii,1,Carcharhinus obscurus,Northwest Atlantic shelves,,,1963-1993,1963
Galeomorphii,1,Carcharhinus obscurus,Northwest Atlantic shelves,,,1963-1993,1963
Galeomorphii,1,Carcharhinus obscurus,Northwest Atlantic shelves,,,1963-1993,1963
Galeomorphii,1,Carcharhinus obscurus,Northwest Atlantic shelves,,,1963-1993,1963
Galeomorphii,1,Carcharhinus obscurus,Northwest Atlantic shelves,,,1963-1993,1963
Galeomorphii,1,Carcharhinus obscurus,Northwest Atlantic shelves,,,1963-1993,1963
Galeomorphii,1,Carcharhinus obscurus,Eastern India coast,,,1984-1988,1984
Galeomorphii,1,Carcharhinus obscurus,Eastern India coast,,,1984-1988,1984
Galeomorphii,1,Carcharhinus obscurus,Eastern India coast,,,1984-1988,1984
Galeomorphii,1,Carcharhinus obscurus,Eastern India coast,,,1984-1988,1984
Galeomorphii,1,Carcharhinus obscurus,Eastern India coast,,,1984-1988,1984
Galeomorphii,1,Carcharhinus obscurus,Eastern India coast,,,1984-1988,1984
Galeomorphii,1,Carcharhinus obscurus,Eastern India coast,,,1984-1988,1984
Galeomorphii,1,Carcharhinus obscurus,Eastern India coast,,,1984-1988,1984
Galeomorphii,1,Carcharhinus obscurus,Eastern India coast,,,1984-1988,1984
Galeomorphii,1,Carcharhinus obscurus,Eastern India coast,,,1984-1988,1984
Galeomorphii,1,Carcharhinus obscurus,Eastern India coast,,,1984-1988,1984
Galeomorphii,1,Carcharhinus obscurus,Eastern India coast,,,1984-1988,1984
Galeomorphii,1,Carcharhinus obscurus,Eastern India coast,,,1984-1988,1984
Galeomorphii,1,Carcharhinus obscurus,Eastern India coast,,,1984-1988,1984
Galeomorphii,1,Carcharhinus obscurus,Eastern India coast,,,1984-1988,1984
Galeomorphii,1,Carcharhinus obscurus,Eastern India coast,,,1984-1988,1984
Galeomorphii,1,Carcharhinus brevipinna,Caribbean,,,1981-1985,1981
Galeomorphii,1,Carcharhinus brevipinna,Caribbean,,,1981-1985,1981
Galeomorphii,1,Carcharhinus limbatus,Caribbean,,,1981-1985,1981
Galeomorphii,1,Carcharhinus limbatus,Caribbean,,,1981-1985,1981
Galeomorphii,1,Carcharhinus limbatus,Caribbean,,,1981-1985,1981
Galeomorphii,1,Carcharhinus brevipinna,Caribbean,,,1981-1985,1981
Galeomorphii,1,Carcharhinus limbatus,Caribbean,,,1981-1985,1981
Galeomorphii,1,Carcharhinus limbatus,Caribbean,,,1981-1985,1981
Galeomorphii,1,Carcharhinus limbatus,Caribbean,,,1981-1985,1981
Galeomorphii,1,Carcharhinus brevipinna,Caribbean,,,1981-1985,1981
Galeomorphii,1,Carcharhinus brevipinna,Caribbean,,,1981-1985,1981
Galeomorphii,1,Carcharhinus brevipinna,Caribbean,,,1981-1985,1981
Galeomorphii,1,Carcharhinus limbatus,Caribbean,,,1981-1985,1981
Galeomorphii,1,Carcharhinus limbatus,Caribbean,,,1981-1985,1981
Galeomorphii,1,Carcharhinus limbatus,Caribbean,,,1981-1985,1981
Galeomorphii,1,Carcharhinus limbatus,Caribbean,,,1981-1985,1981
Galeomorphii,1,Carcharhinus brevipinna,Caribbean,,,1981-1985,1981
Galeomorphii,1,Carcharhinus limbatus,Caribbean,,,1981-1985,1981
Galeomorphii,1,Carcharhinus brevipinna,Caribbean,,,1981-1985,1981
Galeomorphii,1,Carcharhinus limbatus,Caribbean,,,1981-1985,1981
Galeomorphii,1,Carcharhinus limbatus,Caribbean,,,1981-1985,1981
Galeomorphii,1,Carcharhinus limbatus,Caribbean,,,1981-1985,1981
Galeomorphii,1,Carcharhinus brevipinna,Caribbean,,,1981-1985,1981
Galeomorphii,1,Carcharhinus brevipinna,Caribbean,,,1981-1985,1981
Galeomorphii,1,Carcharhinus brevipinna,Caribbean,,,1981-1985,1981
Galeomorphii,1,Carcharhinus brevipinna,Caribbean,,,1981-1985,1981
Galeomorphii,1,Carcharhinus limbatus,Caribbean,,,1981-1985,1981
Galeomorphii,1,Carcharhinus limbatus,Caribbean,,,1981-1985,1981
Galeomorphii,1,Carcharhinus limbatus,Caribbean,,,1981-1985,1981
Galeomorphii,1,Carcharhinus brevipinna,Caribbean,,,1981-1985,1981
Galeomorphii,1,Carcharhinus obscurus,China Sea,,,2002-2003,2002
Galeomorphii,1,Carcharhinus obscurus,China Sea,,,2002-2003,2002
Galeomorphii,1,Carcharhinus obscurus,China Sea,,,2002-2003,2002
Galeomorphii,1,Carcharhinus obscurus,China Sea,,,2002-2003,2002
Galeomorphii,1,Carcharhinus obscurus,China Sea,,,2002-2003,2002
Galeomorphii,1,Carcharhinus obscurus,China Sea,,,2002-2003,2002
Galeomorphii,1,Carcharhinus obscurus,China Sea,,,2002-2003,2002
Galeomorphii,1,Carcharhinus obscurus,China Sea,,,2002-2003,2002
Galeomorphii,1,Carcharhinus obscurus,China Sea,,,2002-2003,2002
Galeomorphii,1,Carcharhinus obscurus,China Sea,,,2002-2003,2002
Galeomorphii,1,Carcharhinus obscurus,China Sea,,,2002-2003,2002
Galeomorphii,1,Carcharhinus obscurus,China Sea,,,2002-2003,2002
Galeomorphii,1,Carcharhinus obscurus,China Sea,,,2002-2003,2002
Galeomorphii,1,Carcharhinus obscurus,China Sea,,,2002-2003,2002
Galeomorphii,1,Carcharhinus obscurus,China Sea,,,2002-2003,2002
Galeomorphii,1,Carcharhinus obscurus,China Sea,,,2002-2003,2002
Galeomorphii,1,Carcharhinus obscurus,China Sea,,,2002-2003,2002
Galeomorphii,1,Carcharhinus obscurus,China Sea,,,2002-2003,2002
Galeomorphii,1,Carcharhinus obscurus,China Sea,,,2002-2003,2002
Galeomorphii,1,Carcharhinus obscurus,China Sea,,,2002-2003,2002
Galeomorphii,1,Carcharhinus obscurus,China Sea,,,2002-2003,2002
Galeomorphii,1,Carcharhinus obscurus,China Sea,,,2002-2003,2002
Galeomorphii,1,Carcharhinus obscurus,China Sea,,,2002-2003,2002
Galeomorphii,1,Carcharhinus obscurus,China Sea,,,2002-2003,2002
Galeomorphii,1,Carcharhinus obscurus,China Sea,,,2002-2003,2002
Galeomorphii,1,Carcharhinus obscurus,China Sea,,,2002-2003,2002
Galeomorphii,1,Carcharhinus obscurus,China Sea,,,2002-2003,2002
Galeomorphii,1,Carcharhinus obscurus,China Sea,,,2002-2003,2002
Galeomorphii,1,Carcharhinus obscurus,China Sea,,,2002-2003,2002
Galeomorphii,1,Carcharhinus obscurus,China Sea,,,2002-2003,2002
Galeomorphii,1,Carcharhinus obscurus,China Sea,,,2002-2003,2002
Galeomorphii,1,Carcharhinus obscurus,China Sea,,,2002-2003,2002
Galeomorphii,1,Carcharhinus obscurus,China Sea,,,2002-2003,2002
Galeomorphii,1,Carcharhinus obscurus,China Sea,,,2002-2003,2002
Galeomorphii,1,Carcharhinus obscurus,China Sea,,,2002-2003,2002
Galeomorphii,1,Carcharhinus obscurus,China Sea,,,2002-2003,2002
Galeomorphii,1,Prionace glauca,Northwest Atlantic shelves,,,2000,2000
Galeomorphii,1,Prionace glauca,Northwest Atlantic shelves,,,2000,2000
Galeomorphii,1,Prionace glauca,Northwest Atlantic shelves,,,2000,2000
Galeomorphii,1,Prionace glauca,Northwest Atlantic shelves,,,2000,2000
Galeomorphii,1,Prionace glauca,Northwest Atlantic shelves,,,2000,2000
Galeomorphii,1,Prionace glauca,Northwest Atlantic shelves,,,2000,2000
Galeomorphii,1,Prionace glauca,Northwest Atlantic shelves,,,2000,2000
Galeomorphii,1,Prionace glauca,Northwest Atlantic shelves,,,2000,2000
Galeomorphii,1,Prionace glauca,Northwest Atlantic shelves,,,2000,2000
Galeomorphii,1,Prionace glauca,Northwest Atlantic shelves,,,2000,2000
Galeomorphii,1,Prionace glauca,Northwest Atlantic shelves,,,2000,2000
Galeomorphii,1,Carcharhinus falciformis,China Sea,,,2000-2002,2000
Galeomorphii,1,Carcharhinus falciformis,China Sea,,,2000-2002,2000
Galeomorphii,1,Carcharhinus falciformis,China Sea,,,2000-2002,2000
Galeomorphii,1,Carcharhinus falciformis,China Sea,,,2000-2002,2000
Galeomorphii,1,Carcharhinus falciformis,China Sea,,,2000-2002,2000
Galeomorphii,1,Carcharhinus falciformis,China Sea,,,2000-2002,2000
Galeomorphii,1,Carcharhinus falciformis,China Sea,,,2000-2002,2000
Galeomorphii,1,Carcharhinus falciformis,China Sea,,,2000-2002,2000
Galeomorphii,1,Carcharhinus falciformis,China Sea,,,2000-2002,2000
Galeomorphii,1,Carcharhinus falciformis,China Sea,,,2000-2002,2000
Galeomorphii,1,Carcharhinus falciformis,China Sea,,,2000-2002,2000
Galeomorphii,1,Carcharhinus falciformis,China Sea,,,2000-2002,2000
Galeomorphii,1,Carcharhinus falciformis,China Sea,,,2000-2002,2000
Galeomorphii,1,Carcharhinus falciformis,China Sea,,,2000-2002,2000
Galeomorphii,1,Carcharhinus falciformis,China Sea,,,2000-2002,2000
Galeomorphii,1,Carcharhinus falciformis,China Sea,,,2000-2002,2000
Galeomorphii,1,Carcharhinus falciformis,China Sea,,,2000-2002,2000
Galeomorphii,1,Carcharhinus falciformis,China Sea,,,2000-2002,2000
Galeomorphii,1,Carcharhinus falciformis,China Sea,,,2000-2002,2000
Galeomorphii,1,Carcharhinus falciformis,China Sea,,,2000-2002,2000
Galeomorphii,1,Carcharhinus falciformis,China Sea,,,2000-2002,2000
Galeomorphii,1,Carcharhinus falciformis,China Sea,,,2000-2002,2000
Galeomorphii,1,Carcharhinus falciformis,China Sea,,,2000-2002,2000
Galeomorphii,1,Carcharhinus falciformis,China Sea,,,2000-2002,2000
Galeomorphii,1,Carcharhinus falciformis,China Sea,,,2000-2002,2000
Galeomorphii,1,Carcharhinus falciformis,China Sea,,,2000-2002,2000
Galeomorphii,1,Carcharhinus falciformis,China Sea,,,2000-2002,2000
Galeomorphii,1,Carcharhinus falciformis,China Sea,,,2000-2002,2000
Galeomorphii,1,Carcharhinus falciformis,China Sea,,,2000-2002,2000
Galeomorphii,1,Carcharhinus falciformis,China Sea,,,2000-2002,2000
Galeomorphii,1,Carcharhinus falciformis,China Sea,,,2000-2002,2000
Galeomorphii,1,Carcharhinus falciformis,China Sea,,,2000-2002,2000
Galeomorphii,1,Carcharhinus falciformis,China Sea,,,2000-2002,2000
Galeomorphii,1,Carcharhinus falciformis,China Sea,,,2000-2002,2000
Galeomorphii,1,Carcharhinus leucas,Northwest Atlantic shelves,,,1966-2010,1966
Galeomorphii,1,Carcharhinus leucas,Northwest Atlantic shelves,,,1966-2010,1966
Galeomorphii,1,Carcharhinus leucas,Northwest Atlantic shelves,,,1966-2010,1966
Galeomorphii,1,Carcharhinus leucas,Northwest Atlantic shelves,,,1966-2010,1966
Galeomorphii,1,Carcharhinus leucas,Northwest Atlantic shelves,,,1966-2010,1966
Galeomorphii,1,Carcharhinus leucas,Northwest Atlantic shelves,,,1966-2010,1966
Galeomorphii,1,Carcharhinus leucas,Northwest Atlantic shelves,,,1966-2010,1966
Galeomorphii,1,Carcharhinus leucas,Northwest Atlantic shelves,,,1966-2010,1966
Galeomorphii,1,Carcharhinus leucas,Northwest Atlantic shelves,,,1966-2010,1966
Galeomorphii,1,Carcharhinus leucas,Northwest Atlantic shelves,,,1966-2010,1966
Galeomorphii,1,Carcharhinus leucas,Northwest Atlantic shelves,,,1966-2010,1966
Galeomorphii,1,Carcharhinus leucas,Northwest Atlantic shelves,,,1966-2010,1966
Galeomorphii,1,Carcharhinus leucas,Northwest Atlantic shelves,,,1966-2010,1966
Galeomorphii,1,Carcharhinus leucas,Northwest Atlantic shelves,,,1966-2010,1966
Galeomorphii,1,Carcharhinus leucas,Northwest Atlantic shelves,,,1966-2010,1966
Galeomorphii,1,Carcharhinus leucas,Northwest Atlantic shelves,,,1966-2010,1966
Galeomorphii,1,Carcharhinus leucas,Northwest Atlantic shelves,,,1966-2010,1966
Galeomorphii,1,Carcharhinus leucas,Northwest Atlantic shelves,,,1966-2010,1966
Galeomorphii,1,Carcharhinus leucas,Northwest Atlantic shelves,,,1966-2010,1966
Galeomorphii,1,Carcharhinus leucas,Northwest Atlantic shelves,,,1966-2010,1966
Galeomorphii,1,Carcharhinus limbatus,Western Australian and Indonesian coast,,,2001-2005,2001
Galeomorphii,1,Carcharhinus limbatus,Western Australian and Indonesian coast,,,2001-2005,2001
Galeomorphii,1,Carcharhinus limbatus,Western Australian and Indonesian coast,,,2001-2005,2001
Galeomorphii,1,Carcharhinus limbatus,Western Australian and Indonesian coast,,,2001-2005,2001
Galeomorphii,1,Carcharhinus limbatus,Western Australian and Indonesian coast,,,2001-2005,2001
Galeomorphii,1,Carcharhinus limbatus,Western Australian and Indonesian coast,,,2001-2005,2001
Galeomorphii,1,Carcharhinus limbatus,Western Australian and Indonesian coast,,,2001-2005,2001
Galeomorphii,1,Carcharhinus limbatus,Western Australian and Indonesian coast,,,2001-2005,2001
Galeomorphii,1,Carcharhinus limbatus,Western Australian and Indonesian coast,,,2001-2005,2001
Galeomorphii,1,Carcharhinus limbatus,Western Australian and Indonesian coast,,,2001-2005,2001
Galeomorphii,1,Carcharhinus limbatus,Western Australian and Indonesian coast,,,2001-2005,2001
Galeomorphii,1,Carcharhinus limbatus,Western Australian and Indonesian coast,,,2001-2005,2001
Galeomorphii,1,Carcharhinus limbatus,Western Australian and Indonesian coast,,,2001-2005,2001
Galeomorphii,1,Carcharhinus limbatus,Western Australian and Indonesian coast,,,2001-2005,2001
Galeomorphii,1,Carcharhinus limbatus,Western Australian and Indonesian coast,,,2001-2005,2001
Galeomorphii,1,Carcharhinus limbatus,Western Australian and Indonesian coast,,,2001-2005,2001
Galeomorphii,1,Carcharhinus limbatus,Western Australian and Indonesian coast,,,2001-2005,2001
Galeomorphii,1,Carcharhinus limbatus,Western Australian and Indonesian coast,,,2001-2005,2001
Galeomorphii,1,Carcharhinus limbatus,Western Australian and Indonesian coast,,,2001-2005,2001
Galeomorphii,1,Carcharhinus limbatus,Western Australian and Indonesian coast,,,2001-2005,2001
Galeomorphii,1,Carcharhinus limbatus,Western Australian and Indonesian coast,,,2001-2005,2001
Galeomorphii,1,Carcharhinus limbatus,Western Australian and Indonesian coast,,,2001-2005,2001
Galeomorphii,1,Carcharhinus limbatus,Western Australian and Indonesian coast,,,2001-2005,2001
Galeomorphii,1,Carcharhinus limbatus,Western Australian and Indonesian coast,,,2001-2005,2001
Galeomorphii,1,Carcharhinus limbatus,Western Australian and Indonesian coast,,,2001-2005,2001
Galeomorphii,1,Carcharhinus limbatus,Western Australian and Indonesian coast,,,2001-2005,2001
Galeomorphii,1,Carcharhinus limbatus,Western Australian and Indonesian coast,,,2001-2005,2001
Galeomorphii,1,Carcharhinus limbatus,Western Australian and Indonesian coast,,,2001-2005,2001
Galeomorphii,1,Carcharhinus limbatus,Western Australian and Indonesian coast,,,2001-2005,2001
Galeomorphii,1,Carcharhinus limbatus,Western Australian and Indonesian coast,,,2001-2005,2001
Galeomorphii,1,Carcharhinus limbatus,Western Australian and Indonesian coast,,,2001-2005,2001
Galeomorphii,1,Carcharhinus limbatus,Western Australian and Indonesian coast,,,2001-2005,2001
Galeomorphii,1,Carcharhinus limbatus,Western Australian and Indonesian coast,,,2001-2005,2001
Galeomorphii,1,Carcharhinus limbatus,Western Australian and Indonesian coast,,,2001-2005,2001
Galeomorphii,1,Carcharhinus limbatus,Western Australian and Indonesian coast,,,2001-2005,2001
Galeomorphii,1,Carcharhinus limbatus,Western Australian and Indonesian coast,,,2001-2005,2001
Galeomorphii,1,Carcharhinus limbatus,Western Australian and Indonesian coast,,,2001-2005,2001
Galeomorphii,1,Carcharhinus limbatus,Western Australian and Indonesian coast,,,2001-2005,2001
Galeomorphii,1,Carcharhinus limbatus,Western Australian and Indonesian coast,,,2001-2005,2001
Galeomorphii,1,Carcharhinus limbatus,Western Australian and Indonesian coast,,,2001-2005,2001
Galeomorphii,1,Carcharhinus limbatus,Western Australian and Indonesian coast,,,2001-2005,2001
Galeomorphii,1,Carcharhinus limbatus,Western Australian and Indonesian coast,,,2001-2005,2001
Galeomorphii,1,Carcharhinus limbatus,Western Australian and Indonesian coast,,,2001-2005,2001
Galeomorphii,1,Carcharhinus limbatus,Western Australian and Indonesian coast,,,2001-2005,2001
Galeomorphii,1,Carcharhinus limbatus,Western Australian and Indonesian coast,,,2001-2005,2001
Galeomorphii,1,Carcharhinus limbatus,Western Australian and Indonesian coast,,,2001-2005,2001
Galeomorphii,1,Carcharhinus limbatus,Western Australian and Indonesian coast,,,2001-2005,2001
Galeomorphii,1,Carcharhinus limbatus,Western Australian and Indonesian coast,,,2001-2005,2001
Galeomorphii,1,Carcharhinus limbatus,Western Australian and Indonesian coast,,,2001-2005,2001
Galeomorphii,1,Carcharhinus limbatus,Western Australian and Indonesian coast,,,2001-2005,2001
Galeomorphii,1,Carcharhinus limbatus,Western Australian and Indonesian coast,,,2001-2005,2001
Galeomorphii,1,Carcharhinus limbatus,Western Australian and Indonesian coast,,,2001-2005,2001
Galeomorphii,1,Carcharhinus limbatus,Western Australian and Indonesian coast,,,2001-2005,2001
Galeomorphii,1,Carcharhinus limbatus,Western Australian and Indonesian coast,,,2001-2005,2001
Galeomorphii,1,Carcharhinus limbatus,Western Australian and Indonesian coast,,,2001-2005,2001
Galeomorphii,1,Carcharhinus limbatus,Western Australian and Indonesian coast,,,2001-2005,2001
Galeomorphii,1,Carcharhinus limbatus,Western Australian and Indonesian coast,,,2001-2005,2001
Galeomorphii,1,Carcharhinus limbatus,Western Australian and Indonesian coast,,,2001-2005,2001
Galeomorphii,1,Carcharhinus limbatus,Western Australian and Indonesian coast,,,2001-2005,2001
Galeomorphii,1,Carcharhinus limbatus,Western Australian and Indonesian coast,,,2001-2005,2001
Galeomorphii,1,Carcharhinus limbatus,Western Australian and Indonesian coast,,,2001-2005,2001
Galeomorphii,1,Carcharhinus limbatus,Western Australian and Indonesian coast,,,2001-2005,2001
Galeomorphii,1,Carcharhinus limbatus,Western Australian and Indonesian coast,,,2001-2005,2001
Galeomorphii,1,Carcharhinus limbatus,Western Australian and Indonesian coast,,,2001-2005,2001
Galeomorphii,1,Carcharhinus limbatus,Western Australian and Indonesian coast,,,2001-2005,2001
Galeomorphii,1,Carcharhinus longimanus,China Sea,,,2002-2006,2002
Galeomorphii,1,Carcharhinus longimanus,China Sea,,,2002-2006,2002
Galeomorphii,1,Carcharhinus longimanus,China Sea,,,2002-2006,2002
Galeomorphii,1,Carcharhinus longimanus,China Sea,,,2002-2006,2002
Galeomorphii,1,Carcharhinus longimanus,China Sea,,,2002-2006,2002
Galeomorphii,1,Carcharhinus longimanus,China Sea,,,2002-2006,2002
Galeomorphii,1,Carcharhinus longimanus,China Sea,,,2002-2006,2002
Galeomorphii,1,Carcharhinus longimanus,China Sea,,,2002-2006,2002
Galeomorphii,1,Carcharhinus longimanus,China Sea,,,2002-2006,2002
Galeomorphii,1,Carcharhinus longimanus,China Sea,,,2002-2006,2002
Galeomorphii,1,Carcharhinus longimanus,China Sea,,,2002-2006,2002
Galeomorphii,1,Carcharhinus longimanus,China Sea,,,2002-2006,2002
Galeomorphii,1,Carcharhinus longimanus,China Sea,,,2002-2006,2002
Galeomorphii,1,Carcharhinus longimanus,China Sea,,,2002-2006,2002
Galeomorphii,1,Carcharhinus longimanus,China Sea,,,2002-2006,2002
Galeomorphii,1,Carcharhinus longimanus,China Sea,,,2002-2006,2002
Galeomorphii,1,Carcharhinus longimanus,China Sea,,,2002-2006,2002
Galeomorphii,1,Carcharhinus longimanus,China Sea,,,2002-2006,2002
Galeomorphii,1,Carcharhinus longimanus,China Sea,,,2002-2006,2002
Galeomorphii,1,Carcharhinus longimanus,China Sea,,,2002-2006,2002
Galeomorphii,1,Carcharhinus longimanus,China Sea,,,2002-2006,2002
Galeomorphii,1,Carcharhinus longimanus,China Sea,,,2002-2006,2002
Galeomorphii,1,Carcharhinus longimanus,China Sea,,,2002-2006,2002
Galeomorphii,1,Carcharhinus longimanus,China Sea,,,2002-2006,2002
Galeomorphii,1,Carcharhinus longimanus,China Sea,,,2002-2006,2002
Galeomorphii,1,Carcharhinus longimanus,China Sea,,,2002-2006,2002
Galeomorphii,1,Carcharhinus longimanus,China Sea,,,2002-2006,2002
Galeomorphii,1,Carcharhinus longimanus,China Sea,,,2002-2006,2002
Galeomorphii,1,Carcharhinus longimanus,China Sea,,,2002-2006,2002
Galeomorphii,1,Carcharhinus longimanus,China Sea,,,2002-2006,2002
Galeomorphii,1,Carcharhinus longimanus,China Sea,,,2002-2006,2002
Galeomorphii,1,Carcharhinus longimanus,China Sea,,,2002-2006,2002
Galeomorphii,1,Carcharhinus longimanus,China Sea,,,2002-2006,2002
Galeomorphii,1,Carcharhinus longimanus,China Sea,,,2002-2006,2002
Galeomorphii,1,Carcharhinus longimanus,China Sea,,,2002-2006,2002
Galeomorphii,1,Carcharhinus brachyurus,Western Australian and Indonesian coast,,,2009-2014,2009
Galeomorphii,1,Carcharhinus brachyurus,Western Australian and Indonesian coast,,,2009-2014,2009
Galeomorphii,1,Carcharhinus brachyurus,Western Australian and Indonesian coast,,,2009-2014,2009
Galeomorphii,1,Carcharhinus brachyurus,Western Australian and Indonesian coast,,,2009-2014,2009
Galeomorphii,1,Carcharhinus brachyurus,Western Australian and Indonesian coast,,,2009-2014,2009
Galeomorphii,1,Carcharhinus brachyurus,Western Australian and Indonesian coast,,,2009-2014,2009
Galeomorphii,1,Carcharhinus brachyurus,Western Australian and Indonesian coast,,,2009-2014,2009
Galeomorphii,1,Carcharhinus brachyurus,Western Australian and Indonesian coast,,,2009-2014,2009
Galeomorphii,1,Carcharhinus brachyurus,Western Australian and Indonesian coast,,,2009-2014,2009
Galeomorphii,1,Carcharhinus brachyurus,Western Australian and Indonesian coast,,,2009-2014,2009
Galeomorphii,1,Carcharhinus brachyurus,Western Australian and Indonesian coast,,,2009-2014,2009
Galeomorphii,1,Carcharhinus brachyurus,Western Australian and Indonesian coast,,,2009-2014,2009
Galeomorphii,1,Carcharhinus brachyurus,Western Australian and Indonesian coast,,,2009-2014,2009
Galeomorphii,1,Carcharhinus brachyurus,Western Australian and Indonesian coast,,,2009-2014,2009
Galeomorphii,1,Carcharhinus brachyurus,Western Australian and Indonesian coast,,,2009-2014,2009
Galeomorphii,1,Carcharhinus brachyurus,Western Australian and Indonesian coast,,,2009-2014,2009
Galeomorphii,1,Carcharhinus brachyurus,Western Australian and Indonesian coast,,,2009-2014,2009
Galeomorphii,1,Carcharhinus brachyurus,Western Australian and Indonesian coast,,,2009-2014,2009
Galeomorphii,1,Carcharhinus brachyurus,Western Australian and Indonesian coast,,,2009-2014,2009
Galeomorphii,1,Carcharhinus brachyurus,Western Australian and Indonesian coast,,,2009-2014,2009
Galeomorphii,1,Carcharhinus brachyurus,Western Australian and Indonesian coast,,,2009-2014,2009
Galeomorphii,1,Carcharhinus brachyurus,Western Australian and Indonesian coast,,,2009-2014,2009
Galeomorphii,1,Carcharhinus brachyurus,Western Australian and Indonesian coast,,,2009-2014,2009
Galeomorphii,1,Carcharhinus brachyurus,Western Australian and Indonesian coast,,,2009-2014,2009
Galeomorphii,1,Carcharhinus brachyurus,Western Australian and Indonesian coast,,,2009-2014,2009
Galeomorphii,1,Carcharhinus brachyurus,Western Australian and Indonesian coast,,,2009-2014,2009
Galeomorphii,1,Carcharhinus brachyurus,Western Australian and Indonesian coast,,,2009-2014,2009
Galeomorphii,1,Carcharhinus brachyurus,Western Australian and Indonesian coast,,,2009-2014,2009
Galeomorphii,1,Carcharhinus brachyurus,Western Australian and Indonesian coast,,,2009-2014,2009
Galeomorphii,1,Carcharhinus brachyurus,Western Australian and Indonesian coast,,,2009-2014,2009
Galeomorphii,1,Carcharhinus brachyurus,Western Australian and Indonesian coast,,,2009-2014,2009
Galeomorphii,1,Carcharhinus brachyurus,Western Australian and Indonesian coast,,,2009-2014,2009
Galeomorphii,1,Carcharhinus brachyurus,Western Australian and Indonesian coast,,,2009-2014,2009
Galeomorphii,1,Carcharhinus brachyurus,Western Australian and Indonesian coast,,,2009-2014,2009
Galeomorphii,1,Carcharhinus brachyurus,Western Australian and Indonesian coast,,,2009-2014,2009
Galeomorphii,1,Carcharhinus brachyurus,Western Australian and Indonesian coast,,,2009-2014,2009
Galeomorphii,1,Carcharhinus brachyurus,Western Australian and Indonesian coast,,,2009-2014,2009
Galeomorphii,1,Carcharhinus brachyurus,Western Australian and Indonesian coast,,,2009-2014,2009
Galeomorphii,1,Carcharhinus brachyurus,Western Australian and Indonesian coast,,,2009-2014,2009
Galeomorphii,1,Carcharhinus brachyurus,Western Australian and Indonesian coast,,,2009-2014,2009
Galeomorphii,1,Carcharhinus brachyurus,Western Australian and Indonesian coast,,,2009-2014,2009
Galeomorphii,1,Carcharhinus brachyurus,Western Australian and Indonesian coast,,,2009-2014,2009
Galeomorphii,1,Carcharhinus brachyurus,Western Australian and Indonesian coast,,,2009-2014,2009
Galeomorphii,1,Carcharhinus brachyurus,Western Australian and Indonesian coast,,,2009-2014,2009
Galeomorphii,1,Carcharhinus brachyurus,Western Australian and Indonesian coast,,,2009-2014,2009
Galeomorphii,1,Carcharhinus brachyurus,Western Australian and Indonesian coast,,,2009-2014,2009
Galeomorphii,1,Carcharhinus brachyurus,Western Australian and Indonesian coast,,,2009-2014,2009
Galeomorphii,1,Carcharhinus brachyurus,Western Australian and Indonesian coast,,,2009-2014,2009
Galeomorphii,1,Carcharhinus brachyurus,Western Australian and Indonesian coast,,,2009-2014,2009
Galeomorphii,1,Carcharhinus brachyurus,Western Australian and Indonesian coast,,,2009-2014,2009
Galeomorphii,1,Carcharhinus brachyurus,Western Australian and Indonesian coast,,,2009-2014,2009
Galeomorphii,1,Carcharhinus brachyurus,Western Australian and Indonesian coast,,,2009-2014,2009
Galeomorphii,1,Carcharhinus brachyurus,Western Australian and Indonesian coast,,,2009-2014,2009
Galeomorphii,1,Carcharhinus brachyurus,Western Australian and Indonesian coast,,,2009-2014,2009
Galeomorphii,1,Carcharhinus brachyurus,Western Australian and Indonesian coast,,,2009-2014,2009
Galeomorphii,1,Carcharhinus brachyurus,Western Australian and Indonesian coast,,,2009-2014,2009
Galeomorphii,1,Carcharhinus brachyurus,Western Australian and Indonesian coast,,,2009-2014,2009
Galeomorphii,1,Carcharhinus brachyurus,Western Australian and Indonesian coast,,,2009-2014,2009
Galeomorphii,1,Carcharhinus brachyurus,Western Australian and Indonesian coast,,,2009-2014,2009
Galeomorphii,1,Carcharhinus brachyurus,Western Australian and Indonesian coast,,,2009-2014,2009
Galeomorphii,1,Carcharhinus brachyurus,Western Australian and Indonesian coast,,,2009-2014,2009
Galeomorphii,1,Carcharhinus brachyurus,Western Australian and Indonesian coast,,,2009-2014,2009
Galeomorphii,1,Carcharhinus brachyurus,Western Australian and Indonesian coast,,,2009-2014,2009
Galeomorphii,1,Carcharhinus brachyurus,Western Australian and Indonesian coast,,,2009-2014,2009
Galeomorphii,1,Carcharhinus brachyurus,Western Australian and Indonesian coast,,,2009-2014,2009
Galeomorphii,1,Carcharhinus brachyurus,Western Australian and Indonesian coast,,,2009-2014,2009
Galeomorphii,1,Carcharhinus brachyurus,Western Australian and Indonesian coast,,,2009-2014,2009
Galeomorphii,1,Carcharhinus brachyurus,Western Australian and Indonesian coast,,,2009-2014,2009
Galeomorphii,1,Carcharhinus brachyurus,Western Australian and Indonesian coast,,,2009-2014,2009
Galeomorphii,1,Carcharhinus brachyurus,Western Australian and Indonesian coast,,,2009-2014,2009
Galeomorphii,1,Carcharhinus brachyurus,Western Australian and Indonesian coast,,,2009-2014,2009
Galeomorphii,1,Carcharhinus brachyurus,Western Australian and Indonesian coast,,,2009-2014,2009
Galeomorphii,1,Carcharhinus brachyurus,Eastern India coast,,,1984-1988,1984
Galeomorphii,1,Carcharhinus brachyurus,Eastern India coast,,,1984-1988,1984
Galeomorphii,1,Carcharhinus brachyurus,Eastern India coast,,,1984-1988,1984
Galeomorphii,1,Carcharhinus brachyurus,Eastern India coast,,,1984-1988,1984
Galeomorphii,1,Carcharhinus brachyurus,Eastern India coast,,,1984-1988,1984
Galeomorphii,1,Carcharhinus brachyurus,Eastern India coast,,,1984-1988,1984
Galeomorphii,1,Carcharhinus brachyurus,Eastern India coast,,,1984-1988,1984
Galeomorphii,1,Carcharhinus brachyurus,Eastern India coast,,,1984-1988,1984
Galeomorphii,1,Carcharhinus brachyurus,Eastern India coast,,,1984-1988,1984
Galeomorphii,1,Carcharhinus brachyurus,Eastern India coast,,,1984-1988,1984
Galeomorphii,1,Carcharhinus brachyurus,Eastern India coast,,,1984-1988,1984
Galeomorphii,1,Carcharhinus brachyurus,Eastern India coast,,,1984-1988,1984
Galeomorphii,1,Carcharhinus brachyurus,Eastern India coast,,,1984-1988,1984
Galeomorphii,1,Carcharhinus brachyurus,Eastern India coast,,,1984-1988,1984
Galeomorphii,1,Carcharhinus brachyurus,Eastern India coast,,,1984-1988,1984
Galeomorphii,1,Carcharhinus brachyurus,Eastern India coast,,,1984-1988,1984
Galeomorphii,1,Carcharhinus brachyurus,Eastern India coast,,,1984-1988,1984
Galeomorphii,1,Carcharhinus brachyurus,Eastern India coast,,,1984-1988,1984
Galeomorphii,1,Carcharhinus plumbeus,China Sea,,,1982-1992,1982
Galeomorphii,1,Carcharhinus plumbeus,China Sea,,,1982-1992,1982
Galeomorphii,1,Carcharhinus plumbeus,China Sea,,,1982-1992,1982
Galeomorphii,1,Carcharhinus plumbeus,China Sea,,,1982-1992,1982
Galeomorphii,1,Carcharhinus plumbeus,China Sea,,,1982-1992,1982
Galeomorphii,1,Carcharhinus plumbeus,China Sea,,,1982-1992,1982
Galeomorphii,1,Carcharhinus plumbeus,China Sea,,,1982-1992,1982
Galeomorphii,1,Carcharhinus plumbeus,China Sea,,,1982-1992,1982
Galeomorphii,1,Carcharhinus plumbeus,China Sea,,,1982-1992,1982
Galeomorphii,1,Carcharhinus plumbeus,China Sea,,,1982-1992,1982
Galeomorphii,1,Carcharhinus plumbeus,China Sea,,,1982-1992,1982
Galeomorphii,1,Carcharhinus plumbeus,China Sea,,,1982-1992,1982
Galeomorphii,1,Carcharhinus plumbeus,China Sea,,,1982-1992,1982
Galeomorphii,1,Carcharhinus plumbeus,China Sea,,,1982-1992,1982
Galeomorphii,1,Carcharhinus plumbeus,China Sea,,,1982-1992,1982
Galeomorphii,1,Carcharhinus plumbeus,China Sea,,,1982-1992,1982
Galeomorphii,1,Carcharhinus plumbeus,China Sea,,,1982-1992,1982
Galeomorphii,1,Carcharhinus plumbeus,China Sea,,,1982-1992,1982
Galeomorphii,1,Carcharhinus plumbeus,China Sea,,,1982-1992,1982
Galeomorphii,1,Carcharhinus plumbeus,China Sea,,,1982-1992,1982
Galeomorphii,1,Carcharhinus plumbeus,China Sea,,,1982-1992,1982
Galeomorphii,1,Carcharhinus plumbeus,China Sea,,,1982-1992,1982
Galeomorphii,1,Carcharhinus plumbeus,China Sea,,,1982-1992,1982
Galeomorphii,1,Carcharhinus plumbeus,China Sea,,,1982-1992,1982
Galeomorphii,1,Carcharhinus melanopterus,South Pacific gyre,,,2007-2011,2007
Galeomorphii,1,Carcharhinus melanopterus,South Pacific gyre,,,2007-2011,2007
Galeomorphii,1,Carcharhinus melanopterus,South Pacific gyre,,,2007-2011,2007
Galeomorphii,1,Carcharhinus melanopterus,South Pacific gyre,,,2007-2011,2007
Galeomorphii,1,Carcharhinus melanopterus,South Pacific gyre,,,2007-2011,2007
Galeomorphii,1,Carcharhinus melanopterus,South Pacific gyre,,,2007-2011,2007
Galeomorphii,1,Carcharhinus melanopterus,South Pacific gyre,,,2007-2011,2007
Galeomorphii,1,Carcharhinus melanopterus,South Pacific gyre,,,2007-2011,2007
Galeomorphii,1,Carcharhinus melanopterus,South Pacific gyre,,,2007-2011,2007
Galeomorphii,1,Carcharhinus melanopterus,South Pacific gyre,,,2007-2011,2007
Galeomorphii,1,Carcharhinus melanopterus,South Pacific gyre,,,2007-2011,2007
Galeomorphii,1,Carcharhinus brevipinna,China Sea,,,1995-1996,1995
Galeomorphii,1,Carcharhinus brevipinna,China Sea,,,1995-1996,1995
Galeomorphii,1,Carcharhinus brevipinna,China Sea,,,1995-1996,1995
Galeomorphii,1,Carcharhinus brevipinna,China Sea,,,1995-1996,1995
Galeomorphii,1,Carcharhinus brevipinna,China Sea,,,1995-1996,1995
Galeomorphii,1,Carcharhinus brevipinna,China Sea,,,1995-1996,1995
Galeomorphii,1,Carcharhinus brevipinna,China Sea,,,1995-1996,1995
Galeomorphii,1,Carcharhinus brevipinna,China Sea,,,1995-1996,1995
Galeomorphii,1,Carcharhinus brevipinna,China Sea,,,1995-1996,1995
Galeomorphii,1,Carcharhinus brevipinna,China Sea,,,1995-1996,1995
Galeomorphii,1,Carcharhinus brevipinna,China Sea,,,1995-1996,1995
Galeomorphii,1,Carcharhinus brevipinna,China Sea,,,1995-1996,1995
Galeomorphii,1,Carcharhinus brevipinna,China Sea,,,1995-1996,1995
Galeomorphii,1,Carcharhinus brevipinna,China Sea,,,1995-1996,1995
Galeomorphii,1,Carcharhinus brevipinna,China Sea,,,1995-1996,1995
Galeomorphii,1,Carcharhinus brevipinna,China Sea,,,1995-1996,1995
Galeomorphii,1,Carcharhinus brevipinna,China Sea,,,1995-1996,1995
Galeomorphii,1,Carcharhinus brevipinna,China Sea,,,1995-1996,1995
Galeomorphii,1,Carcharhinus brevipinna,China Sea,,,1995-1996,1995
Galeomorphii,1,Carcharhinus brevipinna,China Sea,,,1995-1996,1995
Galeomorphii,1,Carcharhinus brevipinna,China Sea,,,1995-1996,1995
Galeomorphii,1,Carcharhinus brevipinna,China Sea,,,1995-1996,1995
Galeomorphii,1,Carcharhinus brevipinna,China Sea,,,1995-1996,1995
Galeomorphii,1,Carcharhinus brevipinna,China Sea,,,1995-1996,1995
Galeomorphii,1,Carcharhinus brevipinna,China Sea,,,1995-1996,1995
Galeomorphii,1,Carcharhinus brevipinna,China Sea,,,1995-1996,1995
Galeomorphii,1,Carcharhinus brevipinna,China Sea,,,1995-1996,1995
Galeomorphii,1,Carcharhinus brevipinna,China Sea,,,1995-1996,1995
Galeomorphii,1,Carcharhinus brevipinna,China Sea,,,1995-1996,1995
Galeomorphii,1,Carcharhinus brevipinna,China Sea,,,1995-1996,1995
Galeomorphii,1,Carcharhinus brevipinna,China Sea,,,1995-1996,1995
Galeomorphii,1,Carcharhinus brevipinna,China Sea,,,1995-1996,1995
Galeomorphii,1,Carcharhinus brevipinna,China Sea,,,1995-1996,1995
Galeomorphii,1,Carcharhinus brevipinna,China Sea,,,1995-1996,1995
Galeomorphii,1,Carcharhinus brevipinna,China Sea,,,1995-1996,1995
Galeomorphii,1,Carcharhinus brevipinna,China Sea,,,1995-1996,1995
Galeomorphii,1,Carcharhinus brevipinna,China Sea,,,1995-1996,1995
Galeomorphii,1,Carcharhinus brevipinna,China Sea,,,1995-1996,1995
Galeomorphii,1,Carcharhinus brevipinna,China Sea,,,1995-1996,1995
Galeomorphii,1,Carcharhinus brevipinna,China Sea,,,1995-1996,1995
Galeomorphii,1,Carcharhinus plumbeus,China Sea,25,122,1989-1992,1989
Galeomorphii,1,Carcharhinus plumbeus,China Sea,25,122,1989-1992,1989
Galeomorphii,1,Carcharhinus plumbeus,China Sea,25,122,1989-1992,1989
Galeomorphii,1,Carcharhinus plumbeus,China Sea,25,122,1989-1992,1989
Galeomorphii,1,Carcharhinus plumbeus,China Sea,25,122,1989-1992,1989
Galeomorphii,1,Carcharhinus plumbeus,China Sea,25,122,1989-1992,1989
Galeomorphii,1,Carcharhinus plumbeus,China Sea,25,122,1989-1992,1989
Galeomorphii,1,Carcharhinus plumbeus,China Sea,25,122,1989-1992,1989
Galeomorphii,1,Carcharhinus plumbeus,China Sea,25,122,1989-1992,1989
Galeomorphii,1,Carcharhinus plumbeus,China Sea,25,122,1989-1992,1989
Galeomorphii,1,Carcharhinus plumbeus,China Sea,25,122,1989-1992,1989
Galeomorphii,1,Carcharhinus plumbeus,China Sea,25,122,1989-1992,1989
Galeomorphii,1,Carcharhinus plumbeus,China Sea,25,122,1989-1992,1989
Galeomorphii,1,Carcharhinus plumbeus,China Sea,25,122,1989-1992,1989
Galeomorphii,1,Carcharhinus plumbeus,China Sea,25,122,1989-1992,1989
Galeomorphii,1,Carcharhinus plumbeus,China Sea,25,122,1989-1992,1989
Galeomorphii,1,Carcharhinus plumbeus,China Sea,25,122,1989-1992,1989
Galeomorphii,1,Carcharhinus plumbeus,China Sea,25,122,1989-1992,1989
Galeomorphii,1,Carcharhinus plumbeus,China Sea,25,122,1989-1992,1989
Galeomorphii,1,Carcharhinus plumbeus,China Sea,25,122,1989-1992,1989
Galeomorphii,1,Carcharhinus plumbeus,China Sea,25,122,1989-1992,1989
Galeomorphii,1,Carcharhinus plumbeus,China Sea,25,122,1989-1992,1989
Galeomorphii,1,Carcharhinus plumbeus,China Sea,25,122,1989-1992,1989
Galeomorphii,1,Carcharhinus plumbeus,China Sea,25,122,1989-1992,1989
Galeomorphii,1,Carcharhinus plumbeus,China Sea,25,122,1989-1992,1989
Galeomorphii,1,Carcharhinus plumbeus,China Sea,25,122,1989-1992,1989
Galeomorphii,1,Carcharhinus plumbeus,China Sea,25,122,1989-1992,1989
Galeomorphii,1,Carcharhinus plumbeus,China Sea,25,122,1989-1992,1989
Galeomorphii,1,Carcharhinus plumbeus,China Sea,25,122,1989-1992,1989
Galeomorphii,1,Carcharhinus plumbeus,China Sea,25,122,1989-1992,1989
Galeomorphii,1,Carcharhinus plumbeus,China Sea,25,122,1989-1992,1989
Galeomorphii,1,Eridacnis radcliffei,Western India coast,,,2010-2012,2010
Galeomorphii,1,Eridacnis radcliffei,Western India coast,,,2010-2012,2010
Galeomorphii,1,Eridacnis radcliffei,Western India coast,,,2010-2012,2010
Galeomorphii,1,Eridacnis radcliffei,Western India coast,,,2010-2012,2010
Galeomorphii,1,Eridacnis radcliffei,Western India coast,,,2010-2012,2010
Galeomorphii,1,Eridacnis radcliffei,Western India coast,,,2010-2012,2010
Galeomorphii,1,Eridacnis radcliffei,Western India coast,,,2010-2012,2010
Galeomorphii,1,Eridacnis radcliffei,Western India coast,,,2010-2012,2010
Galeomorphii,1,Eridacnis radcliffei,Western India coast,,,2010-2012,2010
Galeomorphii,1,Eridacnis radcliffei,Western India coast,,,2010-2012,2010
Galeomorphii,1,Eridacnis radcliffei,Western India coast,,,2010-2012,2010
Galeomorphii,1,Eridacnis radcliffei,Western India coast,,,2010-2012,2010
Galeomorphii,1,Eridacnis radcliffei,Western India coast,,,2010-2012,2010
Galeomorphii,1,Eridacnis radcliffei,Western India coast,,,2010-2012,2010
Galeomorphii,1,Eridacnis radcliffei,Western India coast,,,2010-2012,2010
Galeomorphii,1,Eridacnis radcliffei,Western India coast,,,2010-2012,2010
Galeomorphii,1,Eridacnis radcliffei,Western India coast,,,2010-2012,2010
Galeomorphii,1,Eridacnis radcliffei,Western India coast,,,2010-2012,2010
Galeomorphii,1,Eridacnis radcliffei,Western India coast,,,2010-2012,2010
Galeomorphii,1,Pseudocarcharias kamoharai,Western India coast,,,2010,2010
Galeomorphii,1,Pseudocarcharias kamoharai,Western India coast,,,2010,2010
Galeomorphii,1,Cephaloscyllium silasi,Western India coast,,,2008-2011,2008
Galeomorphii,1,Cephaloscyllium silasi,Western India coast,,,2008-2011,2008
Galeomorphii,1,Planonasus parini,Western India coast,8.521111,81.235278,2017,2017